"Series_A","Series_B"
"195021","HORB321"
"VEL0004","ALC_QT1"
"VEL0003","ALC_QT1"
"ALC0035","ALC_QT1"
"UDP0001","ALC_QT1"
"VAL0011","ALC_QT1"
"UDP0002","ALC_QT1"
"C5A0203","ALC_QT1"
"VDMM002","ALC_QT1"
"FLEV117","FLEV103"
"MRW0002","FLEV103"
"FLEV129","FLEV103"
"SARR609","FLEV103"
"FLEV112","FLEV103"
"195047","FLEV103"
"FLEV127","FLEV103"
"FLEV_QT1","FLEV103"
"C4A_QT2","FLEV103"
"FLEV106","FLEV103"
"195007","FLEV103"
"FLEV109","FLEV103"
"FLEV128","FLEV103"
"195029","HORB204"
"56302002","HORB204"
"SARR636","SARR635"
"NWH0011","NWH0027"
"ELS0007","NWH0027"
"TROY077","TROY096"
"TROY172","TROY096"
"VEND248","VEND225"
"068015","068085"
"HBW2002","068085"
"068096","068085"
"VAL0014","068085"
"068083","068085"
"195009","068085"
"NOVY125","NOVY119"
"NOVY141","NOVY119"
"OSH0019","NOVY119"
"RHH0001","HOK0005"
"HOK_QT1","HOK0005"
"NKF0001","Y000E02"
"IJS0002","D2A_QT1"
"EMP0014","NEW0013"
"OSH0019","NEW0013"
"NEW0014","NEW0013"
"NEW0004","NEW0013"
"NEW0003","NEW0013"
"WARC202","WARC203"
"BHC0005","BHC0045"
"VEND217","VEND233"
"TROY214","TROY056"
"TROY172","TROY056"
"SILL_QT6","TROY056"
"SILL_QT3","SILL105"
"VDMWL10","SILL105"
"ZLF0009","ZLF0024"
"VOW0013","SPR0005"
"C5A0305","SPR0005"
"LRB0025","SPR0005"
"185343","185347"
"202032","202036"
"202028","202036"
"202021","202036"
"202030","202036"
"VEND174","VEND230"
"VEND093","VEND051"
"068119","068124"
"068026","068124"
"VITT109","VITT106"
"VITT103","VITT106"
"VDMB001","1TN0118"
"VEN_QT1","1TN0118"
"1TN0116","1TN0118"
"VOW0028","OSD_QT1"
"DAAH15A","OSD_QT1"
"METZ616","SARR632"
"202048","LAMA101"
"202046","LAMA101"
"TRAG102","LAMA101"
"195049","ELS0001"
"185021","185020"
"TROY011","TROY215"
"TROY055","TROY215"
"TROY210","TROY215"
"BHC0042","BHC0077"
"VOW0028","BHC0077"
"BHC0073","BHC0077"
"068135","068087"
"068_QT06","068087"
"068072","068087"
"068_QT02","068087"
"068022","068087"
"068_QT05","068087"
"ELS0007","VDMM003"
"STF0008","STF0005"
"068005","068065"
"068063","068065"
"068087","068135"
"068082","068135"
"HRW2003","HRW2004"
"HRW2001","HRW2004"
"DMN1008","DMN4009"
"TROY180","TROY117"
"TROY125","TROY117"
"TROY172","TROY117"
"ZLF0011","ZLF0007"
"ZLF0010","ZLF0007"
"202074","202047"
"185377","185380"
"185031","185380"
"185_QT2","185380"
"185092","185380"
"185021","185380"
"CUY0088","CUY0001"
"CUY0101","CUY0001"
"CUY0044","CUY0001"
"CUY0096","CUY0001"
"CUY0038","CUY0001"
"IWRD543","VDMWL22"
"VEND200","VEND186"
"VEN_QT1","HKL0006"
"ELT0005","ALC0103"
"SILL120","ALC0103"
"MMB0003","ALC0103"
"587_QT1","ALC0103"
"VLD0001","ALC0103"
"F1B0101","F1B0505"
"F1B0503","F1B0505"
"F1B0401","F1B0505"
"F1B0602","F1B0505"
"185380","185377"
"CUY0088","CUY0058"
"CUY0095","CUY0058"
"CUY0061","CUY0058"
"D2B0103","CUY0058"
"CUY0035","CUY0058"
"METZ606","METZ621"
"METZ625","METZ621"
"TROY180","TROY039"
"TROY173","TROY039"
"TROY216","TROY039"
"TROY127","TROY039"
"TROY125","TROY039"
"TROY033","TROY039"
"TROY172","TROY039"
"TROY170","TROY039"
"TROY074","TROY039"
"185060","185143"
"185031","185143"
"185_QT2","185143"
"VFH_QT1","185143"
"185111","185143"
"185034","185143"
"185074","185143"
"068029","BHO0002"
"VEL0003","BHO0002"
"VDMM002","BHO0002"
"SILL117","SILL101"
"ALC_QT1","VEL0004"
"ELS_QT2","VEL0004"
"NWH0036","VEL0004"
"VEL0002","VEL0004"
"185_QT6","185373"
"185372","185373"
"185370","185373"
"VDMB003","VDMWL20"
"LAMA101","202048"
"202046","202048"
"1DH0015","202048"
"VFH0054","202048"
"NOVY130","NOVY124"
"HOK0010","1TN0120"
"ZLF0046","ZLF0027"
"DIF0015","DIFO062"
"DIFO003","DIFO062"
"563014","563M4SEQ"
"563011","563M4SEQ"
"563015","563M4SEQ"
"563012","563M4SEQ"
"563013","563M4SEQ"
"563010a","563M4SEQ"
"VDMLR20","VDMWL53"
"068160","VDMWL53"
"VDM2W23","VDMWL53"
"185375","185384"
"56304005","56304009"
"ZLF2009","ZLF0036"
"ZLF0030","ZLF0036"
"VDM2W03","ZLF0036"
"ZLF_QT1","ZLF0036"
"ZLF2001","ZLF0036"
"ZLF2007","ZLF0036"
"TROY145","TROY148"
"DIF0025","VILE101"
"TROY147","VILE101"
"VEND143","VILE101"
"VEND096","VILE101"
"TROY184","VILE101"
"TROY172","VILE101"
"VEND102","VEND172"
"VEND220","VEND172"
"ELT2004","ELT2001"
"ELT2002","ELT2001"
"068024","ELT2001"
"ELT_QT1","ELT2001"
"202037","202026"
"202045","202026"
"CUY0102","CUY0072"
"NKF0001","NLF0003"
"Y000C01","NLF0003"
"NWH0041","NWH0019"
"1TN0113","1TN0112"
"NOVY119","NOVY125"
"NOVY141","NOVY125"
"NOVY_QT3","NOVY125"
"NOVY150","NOVY125"
"F1B0603","DMN1_QT1"
"VDMW002","DMN1_QT1"
"195025","195004"
"195012","195004"
"195017","195004"
"195015","195004"
"195019","195004"
"195007","195004"
"195026","195004"
"195018","195004"
"185024","185006"
"185_QT1","185006"
"185379","185006"
"ELT0005","VDMW201"
"BHO0001","VDMW201"
"HORB324","VDMW201"
"068024","VDMW201"
"195048","VDMW201"
"NEW0008","NEW_QT1"
"CUY0108","202018"
"202042","202018"
"202070","202018"
"202078","202018"
"202080","202018"
"202110","202018"
"202067","202018"
"202040","202018"
"202116","202018"
"202041","202018"
"VEND232","VEND228"
"185143","185060"
"VEND107","185060"
"185111","185060"
"185321","185060"
"ZLF0036","ZLF2009"
"ZLF0046","ZLF2009"
"ZLF0003","ZLF2009"
"ZLF0030","ZLF2009"
"ZLF2001","ZLF2009"
"ZLF2007","ZLF2009"
"FLEV119","FLEV120"
"FLEV104","FLEV120"
"VEND047","VEND033"
"VEND096","VEND033"
"VEND042","VEND033"
"TROY032","185025"
"VFH0006","5850204"
"VFH_QT4","VFH_QT3"
"195020","195035"
"VIGO102","195035"
"195003","195035"
"195031","195035"
"SARR216","195035"
"195027","195035"
"195017","195035"
"195011","195035"
"FLEV150","195035"
"195010","195035"
"195036","195035"
"195008","195035"
"195015","195035"
"195049","195035"
"195050","195035"
"195022","195035"
"195014","195035"
"VLD0001","195035"
"SILL151","195035"
"195023","195035"
"195007","195035"
"195016","195035"
"195048","195035"
"195009","195035"
"195025","MAP0003"
"195005","MAP0003"
"185024","MAP0003"
"195008","MAP0003"
"MAP0002","MAP0003"
"195050","MAP0003"
"195014","MAP0003"
"195026","MAP0003"
"TROY056","TROY214"
"TROY127","TROY214"
"SILL115","TROY214"
"VDMWL10","VDMWL08"
"202036","202032"
"202042","202032"
"202028","202032"
"SARR215","202032"
"202043","202032"
"SARR635","SARR636"
"VDML203","VDMWL41"
"ALC0103","ELT0005"
"VDMW201","ELT0005"
"VAL0025","ELT0005"
"068139","ELT0005"
"HORB310","ELT0005"
"OFBG_QT3","ELT0005"
"068024","ELT0005"
"OFBG212","ELT0005"
"VFH0013","ELT0005"
"HORB315","ELT0005"
"SAND101","ELT0005"
"SARR214","ELT0005"
"ELT_QT1","ELT0005"
"C4A_QT3","ELT0005"
"VEND122","VEND176"
"VEND213","VEND176"
"VEND037","VEND176"
"TROY180","TROY090"
"TROY173","TROY090"
"HORB336","TROY090"
"TROY216","TROY090"
"TROY092","TROY090"
"TROY127","TROY090"
"IALP062","TROY090"
"TROY176","TROY090"
"TROY172","TROY090"
"TROY025","TROY090"
"FLEV103","FLEV117"
"195008","FLEV117"
"FLEV129","FLEV117"
"FLEV_QT3","FLEV117"
"FLEV_QT1","FLEV117"
"VFH0051","FLEV117"
"TROY172","FLEV117"
"TROY008","FLEV117"
"BAR_QT2","BJG0004"
"BHC0042","BJG0004"
"IJS0003","BJG0004"
"CUY0033","1AH_QT2"
"VEND261","VEND271"
"CUY0097","CUY0086"
"CUY0100","CUY0086"
"CUY0080","CUY0086"
"TROY028","TROY082"
"TROY008","TROY082"
"COS0001","RHW0002"
"C4A0504","5870601"
"185013","185150"
"068031","185150"
"185379","185150"
"SILL_QT3","SILL113"
"185031","185014"
"185015","185014"
"185013","185014"
"185024","185014"
"185374","185014"
"BHO0002","068029"
"068081","068029"
"068_QT02","068029"
"068024","068029"
"068036","068029"
"ELT_QT1","068029"
"1TN0107","1TN0101"
"OSP0003","1TN0101"
"VEN_QT1","1TN0101"
"1TN0099","1TN0101"
"LMH0002","DMN4016"
"068118","DMN4016"
"563006a","DMN4016"
"VNW0005","VDM2W05"
"VDM2W24","VDM2W05"
"F1B0505","F1B0101"
"F1B0601","F1B0101"
"F1B0102","F1B0101"
"F1B0503","F1B0101"
"F1B0301","F1B0101"
"F1B0201","F1B0101"
"F1B0401","F1B0101"
"F1B0402","F1B0101"
"F1B0103","F1B0101"
"F1B0504","F1B0101"
"F1B0602","F1B0101"
"DIFO035","F1B0101"
"F1B0302","F1B0101"
"ABF0021","TROY058"
"DIFO057","DIFO063"
"KNES30a","DIFO063"
"388015","388010"
"388_QT2","388010"
"388_QT1","388010"
"DMN1037","388010"
"DMN1001","388010"
"VDMWL53","VDMLR20"
"VDMWL49","VDMLR20"
"F1B0603","VDMLR20"
"185343","185350"
"185325","185350"
"185_QT3","185350"
"185322","185350"
"185323","185350"
"185342","185350"
"185334","185350"
"185330","185350"
"185108","185350"
"185336","185350"
"185337","185350"
"VEND116","VEND134"
"185380","185031"
"185143","185031"
"185014","185031"
"185013","185031"
"185024","185031"
"VEND107","VEND034"
"VITT103","VEND034"
"SILL123","VEND034"
"VEND255","VEND034"
"VEND037","VEND034"
"VEND042","VEND034"
"VEND196","VEND034"
"195004","195025"
"MAP0003","195025"
"195012","195025"
"195031","195025"
"195005","195025"
"195027","195025"
"195017","195025"
"195011","195025"
"195010","195025"
"195036","195025"
"195008","195025"
"195015","195025"
"195050","195025"
"195022","195025"
"195047","195025"
"195014","195025"
"195019","195025"
"VEND213","195025"
"195023","195025"
"195043","195025"
"195007","195025"
"195016","195025"
"195026","195025"
"195018","195025"
"VFH0015","195025"
"195001","195025"
"195009","195025"
"185370","185378"
"56304004","56304003"
"068063","56304003"
"56304001","56304003"
"HORB309","HORB307"
"195012","195006"
"195036","195006"
"195050","195006"
"195047","195006"
"SPR0002","195006"
"195007","195006"
"195026","195006"
"195018","195006"
"195009","195006"
"1TN0123","OSG0002"
"SILL_QT3","SILL_QT4"
"SILL132","SILL_QT4"
"IWRD577","SILL_QT4"
"NWH0027","NWH0011"
"CAO_QT1","CAO0022"
"DIFO039","185349"
"BAR_QT1","MEK07W1"
"C5A0307","DMW0005"
"BHC0056","BHC0059"
"068022","BHC0059"
"388_QT1","BHC0059"
"388001","BHC0059"
"VFH_QT5","202024"
"ZLF0007","ZLF0011"
"FLEV150","HORB313"
"C5A_QT1","OKF0011"
"C5A_QT2","OKF0011"
"VEND039","NHO0003"
"VEND217","VEND180"
"VEND184","VEND180"
"VEND049","VEND180"
"195035","195020"
"195036","195020"
"195050","195020"
"195022","195020"
"195047","195020"
"195007","195020"
"195026","195020"
"195009","195020"
"195004","195012"
"195025","195012"
"195006","195012"
"195031","195012"
"195027","195012"
"195010","195012"
"195036","195012"
"195008","195012"
"195015","195012"
"195050","195012"
"195022","195012"
"195014","195012"
"195023","195012"
"195007","195012"
"195024","195012"
"195016","195012"
"195026","195012"
"195018","195012"
"195009","195012"
"195035","VIGO102"
"FLEV129","VIGO102"
"C4A_QT2","VIGO102"
"VFH0023","VIGO102"
"195021","VIGO102"
"VEND185","VEND071"
"VEND217","VEND071"
"VEND047","VEND071"
"VEND053","VEND071"
"VEND164","VEND071"
"VEND037","VEND071"
"SARR215","202015"
"ZLF0004","ZLF0025"
"LRC0023","LRC0021"
"VEND168","VEND154"
"VEND069","VEND154"
"VEND255","VEND154"
"VEND221","VEND109"
"VEND102","VEND109"
"IALP065","RHH0003"
"METZ623","METZ624"
"NWH0034","NWH0020"
"NWH0030","NWH0020"
"NWH0028","NWH0020"
"TROY117","TROY180"
"TROY039","TROY180"
"TROY090","TROY180"
"TROY173","TROY180"
"TROY098","TROY180"
"TROY216","TROY180"
"TROY127","TROY180"
"TROY125","TROY180"
"TROY176","TROY180"
"TROY184","TROY180"
"TROY170","TROY180"
"TROY020","TROY180"
"TROY025","TROY180"
"C4A_QT3","TROY180"
"IBYK011","IBYK_QT2"
"VDM2W18","VNW0009"
"VDMWL47","VNW0009"
"TROY039","TROY173"
"TROY090","TROY173"
"TROY180","TROY173"
"TROY221","TROY173"
"TROY216","TROY173"
"TROY176","TROY173"
"TROY172","TROY173"
"TROY008","TROY173"
"TROY020","TROY173"
"TROY025","TROY173"
"195021","1TN0068"
"1TN0072","DAMB112"
"ZLF0003","ZLF0014"
"SIVR101","SIVR107"
"SIVR104","SIVR107"
"SIVR102","SIVR107"
"SIVR103","SIVR107"
"VEND255","VITT107"
"185074","185345"
"388_QT1","BRE0015"
"MEK07W3","1890203"
"1890208","1890203"
"VL05292","VL05271"
"VL05289","VL05271"
"VL05293","DMW0001"
"1TN0097","VDMLR05"
"VILE101","DIF0025"
"DMN1036","DIF0025"
"RHW0002","COS0001"
"195035","195003"
"195017","195003"
"195010","195003"
"195015","195003"
"195050","195003"
"195014","195003"
"195023","195003"
"195043","195003"
"HORB316","195003"
"195016","195003"
"195029","195003"
"195009","195003"
"VEND036","VEND094"
"VEND004","VEND094"
"VEND161","VEND094"
"195035","195031"
"195025","195031"
"195012","195031"
"195017","195031"
"195008","195031"
"195015","195031"
"195050","195031"
"195022","195031"
"FLEV113","195031"
"C4A_QT2","195031"
"195014","195031"
"195019","195031"
"195023","195031"
"195043","195031"
"195007","195031"
"195021","195031"
"195024","195031"
"195026","195031"
"VFH0015","195031"
"195009","195031"
"VFH0041","195031"
"DMN4009","DMN1008"
"CUY0072","CUY0102"
"185347","185343"
"185350","185343"
"185019","185343"
"185325","185343"
"185_QT3","185343"
"185092","185343"
"185322","185343"
"185323","185343"
"185342","185343"
"185321","185343"
"185334","185343"
"185021","185343"
"185336","185343"
"NEW0004","VDMWL26"
"DMW0005","C5A0307"
"ALC0035","C5A0307"
"C5A0104","C5A0307"
"C5A_QT1","C5A0307"
"NOVY_QT4","C5A0307"
"HKL0007","HKL0008"
"VEND071","VEND185"
"VEND181","VEND185"
"VEND047","VEND185"
"VEND255","VEND185"
"VEND042","VEND185"
"185373","185_QT6"
"RHH0001","185_QT6"
"185372","185_QT6"
"185009","185_QT6"
"185370","185_QT6"
"202042","202011"
"202021","202011"
"202116","202011"
"BHC0028","BHC0064"
"202068","202105"
"202039","202105"
"202_QT1","202105"
"202034","202105"
"202067","202105"
"185015","185022"
"185013","185022"
"185024","185022"
"185374","185022"
"MAP0003","195005"
"195025","195005"
"195017","195005"
"195008","195005"
"195015","195005"
"195050","195005"
"195014","195005"
"195023","195005"
"195043","195005"
"195007","195005"
"195021","195005"
"195026","195005"
"195018","195005"
"195052","195005"
"TROY061","TROY080"
"VEND109","VEND221"
"VEND050","VEND221"
"VEND196","VEND221"
"LRC0021","LRC0023"
"C4CRH01","LRC0023"
"NHO0003","VEND039"
"VEND020","VEND039"
"VEND047","VEND039"
"VEND050","VEND039"
"TROY019","VEND039"
"FLEV_QT1","068143"
"195035","SARR216"
"HORB105","SARR216"
"195050","SARR216"
"HORB324","SARR216"
"VFH0028","VFH0019"
"TROY203","TROY095"
"C4A_QT3","TROY095"
"TROY166","TROY095"
"068087","068_QT06"
"068075","068_QT06"
"068072","068_QT06"
"ELT0003","068_QT06"
"068082","068_QT06"
"068032","068_QT06"
"068115","068_QT06"
"068_QT01","068_QT06"
"068120","068_QT06"
"VDMWL53","068160"
"068156","068160"
"VDM2W23","068160"
"HBW0003","068160"
"202042","202101"
"202070","202101"
"202_QT1","202101"
"202110","202101"
"202034","202101"
"202067","202101"
"202081","202101"
"202120","202101"
"202038","202101"
"202018","CUY0108"
"CUY0095","CUY0108"
"VFH0038","600M1"
"BHC0065","600M1"
"BHC0022","600M1"
"DMN1037","600M1"
"NWH0036","NWH0032"
"ALC0053","NWH0032"
"068056","NWH0032"
"NWH0021","NWH0032"
"NWH0033","NWH0032"
"BSN0002","NWH0032"
"DIFO017","WOE0002"
"C4A0901","1DH0039"
"VFH_QT5","1DH0039"
"TROY201","TROY224"
"SILL_QT6","TROY224"
"1TN0090","1TN0076"
"HORB303","HORB306"
"195014","HORB306"
"HORB311","HORB306"
"068134","HORB306"
"NEW0002","SWP0004"
"VEND172","VEND102"
"VEND109","VEND102"
"IALP062","NOVY122"
"ALC0033","NWH0012"
"NWH0007","NWH0012"
"LRC0023","C4CRH01"
"DAMP102","DAMP_QT2"
"SARR216","HORB105"
"HORB328","HORB105"
"HORB336","HORB105"
"HORB324","HORB105"
"C4A_QT2","HORB105"
"195014","HORB105"
"VFH0013","HORB105"
"SAND101","HORB105"
"VFH_QT5","HORB105"
"195035","195027"
"195025","195027"
"195012","195027"
"195008","195027"
"195050","195027"
"195007","195027"
"195026","195027"
"195018","195027"
"195009","195027"
"MMB0001","VDMLR02"
"C5A_QT1","VOW0006"
"STF0019","STF0016"
"195009","5851804"
"1TN0094","1TN0095"
"ELT2001","ELT2004"
"068130","ELT2004"
"ELT2003","ELT2004"
"068024","ELT2004"
"ELT_QT1","ELT2004"
"068083","068049"
"CUY0001","CUY0088"
"CUY0058","CUY0088"
"CUY0061","CUY0088"
"CUY0093","CUY0088"
"CUY0038","CUY0088"
"185014","185015"
"185022","185015"
"202018","202042"
"202032","202042"
"202011","202042"
"202101","202042"
"202070","202042"
"202023","202042"
"202021","202042"
"202052","202042"
"202080","202042"
"202034","202042"
"202067","202042"
"202040","202042"
"202081","202042"
"NWH0035","NWH0013"
"ALB0002","NWH0013"
"NWH0044","NWH0013"
"ELS0007","NWH0013"
"STF0012","STF0007"
"STF0019","STF0007"
"VDMW201","BHO0001"
"VDMW202","BHO0001"
"ZLF0023","ZLF0051"
"VDMLR20","VDMWL49"
"VDMG001","VDMWL49"
"CUY0089","CUY0098"
"CUY0028","CUY0098"
"1TN0084","1TN0086"
"1TN0085","1TN0086"
"DMN4016","LMH0002"
"VEND154","VEND168"
"ELT2003","068089"
"065169","068089"
"DMN1030","068089"
"TROY221","TROY168"
"TROY195","TROY168"
"SAUL103","TROY168"
"TROY196","TROY168"
"TROY172","TROY168"
"1TN0076","1TN0090"
"1TN0108","1TN0090"
"1TN0099","1TN0090"
"DIFO017","DIFO018"
"DIFO043","DIFO018"
"HBW0001","VDMWL12"
"SAUL105","SAUL110"
"VEND021","VEND198"
"VEND210","VEND198"
"ALC0103","SILL120"
"HORB324","SILL120"
"DAMB110","SILL120"
"SILL151","SILL120"
"TROY170","SILL120"
"195024","SILL120"
"SILL146","SILL120"
"185343","185019"
"185034","185019"
"F1B0101","F1B0601"
"F1B0102","F1B0601"
"F1B0503","F1B0601"
"F1B0402","F1B0601"
"F1B0103","F1B0601"
"F1B0504","F1B0601"
"F1B0302","F1B0601"
"185380","185_QT2"
"185143","185_QT2"
"185092","185_QT2"
"185111","185_QT2"
"185039","185_QT2"
"185362","185_QT2"
"185074","185_QT2"
"BHC0056","MEK07W7"
"METZ624","METZ623"
"VDM2W03","VDMWL50"
"SPR0003","SPR0004"
"ALC0035","SPR0004"
"C5A0104","SPR0004"
"SPR0005","VOW0013"
"NOVY141","NOVY118"
"NOVY_QT3","NOVY118"
"NOVY_QT5","NOVY118"
"NOVY108","NOVY118"
"ILLA203","FLEV118"
"FLEV119","FLEV118"
"FLEV104","FLEV118"
"NOVY108","FLEV118"
"VILE101","TROY147"
"BJG0002","VEND045"
"195004","195017"
"195035","195017"
"195025","195017"
"195003","195017"
"195031","195017"
"195005","195017"
"195010","195017"
"195036","195017"
"195008","195017"
"195015","195017"
"195050","195017"
"195022","195017"
"195023","195017"
"195043","195017"
"195007","195017"
"195021","195017"
"195024","195017"
"195016","195017"
"195026","195017"
"195033","195017"
"195001","195017"
"195009","195017"
"VEND032","VEND028"
"CUY0001","CUY0101"
"NWH0028","NWH0006"
"VFH0027","VFH0009"
"068083","VFH0009"
"068_QT04","VFH0009"
"NWH0013","NWH0035"
"NWH0042","NWH0035"
"ALB0002","NWH0035"
"NWH0039","NWH0035"
"NWH0004","NWH0035"
"ELT0005","VAL0025"
"195015","VAL0025"
"195050","VAL0025"
"VFH0013","VAL0025"
"C4A_QT3","VAL0025"
"METZ618","METZ626"
"HORB105","HORB328"
"195053","HORB328"
"195014","HORB328"
"068148","068147"
"1TN0090","1TN0108"
"HORB320","1TN0108"
"195009","VEND117"
"VDMWL03","VRW0007"
"DIFO044","VRW0001"
"VFH0037","VDM0001"
"NWH0038","VDM0001"
"C5A0305","VDM0001"
"UDP0005","VDM0001"
"C5A0104","VDM0001"
"C5A_QT1","VDM0001"
"C5A0203","VDM0001"
"LRB0025","VDM0001"
"FLEV103","MRW0002"
"MMB0003","MRW0002"
"FLEV127","MRW0002"
"FLEV_QT1","MRW0002"
"TREM101","MRW0002"
"VLD0001","MRW0002"
"SILL151","MRW0002"
"SILL139","MRW0002"
"FLEV109","MRW0002"
"MMB0015","MRW0002"
"TROY007","MRW0002"
"SILL146","MRW0002"
"068085","068015"
"068094","068015"
"068096","068015"
"GEP0007","GEP_QT1"
"GEP0028","GEP_QT1"
"ZLF0027","ZLF0046"
"ZLF2009","ZLF0046"
"ZLF0003","ZLF0046"
"ATT_QT1","PLIC101"
"FLEV150","FLEV_QT2"
"FLEV129","FLEV_QT2"
"FLEV106","FLEV_QT2"
"VFH0047","FLEV_QT2"
"FLEV128","FLEV_QT2"
"CUY0061","CUY0103"
"VFH0009","VFH0027"
"ELT0003","VFH0027"
"1DH0015","VFH0027"
"VFH0013","VFH0027"
"202045","VFH0027"
"VEND233","VEND217"
"VEND180","VEND217"
"VEND071","VEND217"
"VEND181","VEND217"
"VEND219","VEND217"
"VEND184","VEND217"
"VEND049","VEND217"
"VEND232","VEND217"
"VEND220","VEND217"
"SILL_QT6","VEND217"
"CUY0058","CUY0095"
"CUY0108","CUY0095"
"CUY0028","CUY0095"
"185150","185013"
"185014","185013"
"185031","185013"
"185022","185013"
"185024","185013"
"185374","185013"
"CUY0044","CUY0022"
"CUY0030","CUY0022"
"CUY0080","CUY0022"
"VDMLR15","VDM2W17"
"IWRD577","VDM2W17"
"VDM2W33","VDM2W17"
"1GD0003","VDM2W17"
"VDM2W07","VDM2W17"
"VNW0001","VDM2W17"
"TROY096","TROY077"
"TROY028","TROY077"
"RAT0001","VDMWL06"
"VDMWL07","VDMWL06"
"SARR632","METZ616"
"GEP_QT1","GEP0007"
"GEP0028","GEP0007"
"CUY0033","GEP0007"
"C4A0601","FLEV137"
"FLEV150","FLEV137"
"TROY083","FLEV137"
"TROY018","FLEV137"
"C4A_QT2","FLEV137"
"FLEV106","FLEV137"
"FLEV128","FLEV137"
"SILL111","SILL110"
"185350","185325"
"185343","185325"
"185_QT3","185325"
"185322","185325"
"185323","185325"
"185342","185325"
"185330","185325"
"185332","185325"
"185108","185325"
"185336","185325"
"185126","185325"
"CUY0066","CUY0031"
"202023","OUD2215"
"202116","OUD2215"
"F1B0101","F1B0102"
"F1B0601","F1B0102"
"F1B0503","F1B0102"
"F1B0201","F1B0102"
"F1B0402","F1B0102"
"F1B0103","F1B0102"
"F1B0504","F1B0102"
"F1B0602","F1B0102"
"F1B0302","F1B0102"
"TROY180","TROY098"
"VEND243","VEND245"
"ELT2004","068130"
"MMB_QT1","WOE0008"
"VDMWL23","WOE0008"
"ALC0035","ALC0049"
"VDMWL22","IWRD543"
"DMN1_QT2","IWRD543"
"CUY0001","CUY0044"
"CUY0022","CUY0044"
"CUY0030","CUY0044"
"D2B0103","CUY0044"
"CUY0037","CUY0044"
"SARR629","UDP0003"
"VEL0002","UDP0003"
"DIFO044","ABC0006"
"ABF0015","ABC0006"
"ABF0021","ABF0005"
"1890208","1890205"
"FLEV137","C4A0601"
"TROY208","C4A0601"
"WOE0002","DIFO017"
"DIFO018","DIFO017"
"DIFO044","DIFO017"
"DMN1_QT1","F1B0603"
"VDMLR20","F1B0603"
"F1B0503","F1B0603"
"F1B0301","F1B0603"
"F1B0401","F1B0603"
"F1B0402","F1B0603"
"F1B0302","F1B0603"
"068002","WS3_QT1"
"CUY0022","CUY0030"
"CUY0044","CUY0030"
"IBYK008","CUY0030"
"CUY0080","CUY0030"
"CUY0038","CUY0030"
"VEND196","DAMP105"
"068160","068156"
"VDMLR16","068156"
"VDM2W23","068156"
"202018","202070"
"202101","202070"
"202042","202070"
"202023","202070"
"202080","202070"
"202110","202070"
"202034","202070"
"202067","202070"
"202040","202070"
"202116","202070"
"202081","202070"
"202038","202070"
"VFH0024","068009"
"ELS_QT2","1TN0096"
"VLD0001","1TN0096"
"195021","1TN0096"
"1TN0074","1TN0096"
"WARC203","WARC202"
"OUD2245","OUD2273"
"6001005","BHC0058"
"1TN0095","1TN0094"
"F1B0505","F1B0503"
"F1B0101","F1B0503"
"F1B0601","F1B0503"
"F1B0102","F1B0503"
"F1B0603","F1B0503"
"F1B0301","F1B0503"
"VFH0037","F1B0503"
"F1B0401","F1B0503"
"F1B0402","F1B0503"
"MRW0003","F1B0503"
"F1B0103","F1B0503"
"F1B0502","F1B0503"
"F1B0504","F1B0503"
"F1B0602","F1B0503"
"F1B0302","F1B0503"
"TROY172","TROY222"
"VDMLR05","1TN0097"
"195035","195011"
"195025","195011"
"VDM2W13","195011"
"C4A1701","195011"
"195028","195011"
"195022","195011"
"195023","195011"
"VFH0036","195011"
"VFH_QT5","195011"
"C4A_QT3","195011"
"195009","195011"
"068_QT02","068144"
"068034","068144"
"ELT_QT1","068144"
"DIFO018","DIFO043"
"DIFO046","DIFO043"
"DIFO057","DIFO043"
"FLEV107","FLEV121"
"FLEV104","FLEV121"
"VEND270","VEND016"
"VEND240","VEND016"
"VEND018","VEND016"
"GVE0001","GVE0002"
"DIFO043","DIFO046"
"VEND230","VEND174"
"VEND069","VEND174"
"VEND181","VEND174"
"NOVY141","VEND174"
"VEND157","VEND174"
"VEND142","VEND174"
"VEND047","VEND174"
"VEND255","VEND174"
"VEND042","VEND174"
"VEND196","VEND174"
"068034","068033"
"VEND009","VEND155"
"VEND154","VEND069"
"VEND174","VEND069"
"VEND255","VEND069"
"VEND053","VEND069"
"VL05293","VL05291"
"VFH0011","POM3003"
"DIFO036","DIFO026"
"DIFO054","DIFO026"
"195022","1TN0067"
"195047","1TN0067"
"195018","1TN0067"
"NWH0020","NWH0034"
"CUY0061","1AH_QT1"
"CUY0097","1AH_QT1"
"CUY0028","1AH_QT1"
"GEN_QT1","1AH_QT1"
"TROY224","TROY201"
"SILL_QT6","TROY201"
"TROY066","TROY201"
"TROY020","TROY201"
"ZLF0037","TROY201"
"VEND232","VEND062"
"202047","202074"
"CUY0033","CUY0068"
"CUY0038","CUY0068"
"FLEV118","ILLA203"
"NOVY108","ILLA203"
"VEND050","NOVY107"
"VEND198","VEND021"
"D2B0103","GEN0011"
"F1B0101","F1B0301"
"F1B0603","F1B0301"
"F1B0503","F1B0301"
"VFH0037","F1B0301"
"F1B0401","F1B0301"
"F1B0402","F1B0301"
"F1B0103","F1B0301"
"MEH0011","F1B0301"
"F1B0502","F1B0301"
"F1B0602","F1B0301"
"F1B0302","F1B0301"
"VFH_QT4","VFH0018"
"VFH0010","VFH0018"
"VITT106","VITT109"
"TROY090","HORB336"
"HORB105","HORB336"
"TROY216","HORB336"
"195026","TROY036"
"202105","202068"
"202034","202068"
"202072","202068"
"VEND107","VEND089"
"185006","185024"
"MAP0003","185024"
"185014","185024"
"185031","185024"
"185022","185024"
"185013","185024"
"NOVY105","NOVY117"
"NOVY130","NOVY117"
"NOVY126","NOVY117"
"NOVY150","NOVY117"
"D2B0103","CUY0049"
"CUY0033","CUY0049"
"STF0022","CUY0049"
"IWRD543","DMN1_QT2"
"388009","DMN1_QT2"
"202036","202028"
"202032","202028"
"202020","202028"
"195035","FLEV150"
"HORB313","FLEV150"
"FLEV_QT2","FLEV150"
"FLEV137","FLEV150"
"195053","FLEV150"
"FLEV129","FLEV150"
"FLEV106","FLEV150"
"FLEV101","FLEV150"
"FLEV128","FLEV150"
"VEND181","VEND095"
"VEND073","VEND095"
"OSG0002","1TN0123"
"1TN0119","1TN0123"
"SILL151","BAR0006"
"202018","202078"
"202116","202078"
"202081","202078"
"VEND232","VEND241"
"ELT2001","ELT2002"
"ELT0003","ELT2002"
"068024","ELT2002"
"068100","ELT2002"
"ELT0001","ELT2002"
"ELT_QT1","ELT2002"
"FLEV137","TROY083"
"TROY216","TROY083"
"TROY172","TROY083"
"TROY049","TROY083"
"DIFO035","TROY083"
"TROY084","TROY083"
"IALP065","DMN4_QT1"
"CUY0058","CUY0061"
"CUY0088","CUY0061"
"CUY0103","CUY0061"
"1AH_QT1","CUY0061"
"CUY0089","CUY0061"
"GEN_QT1","CUY0061"
"FLEV107","TROY099"
"VEND255","TROY099"
"SILL_QT6","TROY099"
"TROY221","TROY174"
"TROY172","TROY174"
"GEP_QT1","GEP0028"
"GEP0007","GEP0028"
"CUY0058","D2B0103"
"CUY0044","D2B0103"
"GEN0011","D2B0103"
"CUY0049","D2B0103"
"GEN0012","D2B0103"
"CUY0033","D2B0103"
"NOVY_QT5","NOVY116"
"METZ618","202051"
"068_QT06","068075"
"068072","068075"
"068082","068075"
"068_QT01","068075"
"SARR620","HORB206"
"TROY216","TROY105"
"TROY092","TROY105"
"TROY127","TROY105"
"TROY125","TROY105"
"TROY025","TROY105"
"TROY013","TROY105"
"MEH0001","OSD0017"
"VDMW202","OSD0017"
"C4A_QT3","068140"
"VEND133","VEND195"
"VEND194","VEND195"
"068147","068148"
"CUY0086","CUY0097"
"1AH_QT1","CUY0097"
"GEN_QT1","CUY0097"
"CUY0037","CUY0097"
"VFH_QT1","VFH0061"
"VFH0034","VFH0061"
"C4A_QT3","VFH0061"
"VFH0060","VFH0061"
"VEND185","VEND181"
"VEND217","VEND181"
"VEND174","VEND181"
"VEND095","VEND181"
"VEND150","VEND181"
"VEND232","VEND181"
"VEND255","VEND181"
"RAT0002","ALC0002"
"VDMWL05","ALC0002"
"C5A_QT1","ALC0002"
"SEME102","ALC0002"
"VOW0039","ALC0002"
"VFH0010","VFH0042"
"VDM0001","VFH0037"
"F1B0503","VFH0037"
"F1B0301","VFH0037"
"F1B0401","VFH0037"
"VFH0033","VFH0037"
"DMN1036","VFH0037"
"VFH0050","VFH0039"
"195035","195010"
"195025","195010"
"195012","195010"
"195003","195010"
"195017","195010"
"195036","195010"
"195008","195010"
"195015","195010"
"195049","195010"
"195050","195010"
"195014","195010"
"195023","195010"
"C4A0201","195010"
"195007","195010"
"195021","195010"
"195016","195010"
"195026","195010"
"195029","195010"
"195018","195010"
"195033","195010"
"VFH0015","195010"
"195001","195010"
"195009","195010"
"EMP0012","EMP0010"
"VDMWL31","LIW_QT1"
"BGA0003","LIW_QT1"
"MELINP5","1890308"
"F1B0101","F1B0201"
"F1B0102","F1B0201"
"F1B0103","F1B0201"
"F1B0602","F1B0201"
"VFH0035","TROY143"
"068141","TROY143"
"SILL115","TROY143"
"VDMLR15","VNW0003"
"IWRD577","VNW0003"
"195035","195036"
"195025","195036"
"195006","195036"
"195020","195036"
"195012","195036"
"195017","195036"
"195010","195036"
"195008","195036"
"195015","195036"
"195050","195036"
"195028","195036"
"195014","195036"
"195019","195036"
"195023","195036"
"195043","195036"
"195007","195036"
"195016","195036"
"195026","195036"
"195052","195036"
"195001","195036"
"195009","195036"
"HORB306","HORB303"
"ZLF0007","ZLF0010"
"TROY215","TROY011"
"202105","202039"
"202080","202039"
"202_QT1","202039"
"202110","202039"
"202117","202039"
"VDMWL41","VDML203"
"VEL0004","ELS_QT2"
"1TN0096","ELS_QT2"
"185039","ELS_QT2"
"TROY173","TROY221"
"TROY168","TROY221"
"TROY174","TROY221"
"TROY195","TROY221"
"NOVY141","TROY221"
"FLEV_QT3","TROY221"
"METZ647","TROY221"
"ALC_QT1","VEL0003"
"BHO0002","VEL0003"
"MEH0001","VEL0003"
"ALB0002","VEL0003"
"VEL0002","VEL0003"
"TROY084","TROY138"
"VDM0001","NWH0038"
"C5A0104","NWH0038"
"NWH0036","NWH0038"
"VOW0005","NWH0038"
"NWH0009","NWH0038"
"ELT0005","068139"
"068138","068139"
"TROY081","TROY027"
"EMP0014","MAV0001"
"RAT0003","MAV0001"
"OKF_QT1","MAV0001"
"METZ615","MAV0001"
"1890204","D2A_QT2"
"195035","195008"
"MAP0003","195008"
"FLEV117","195008"
"195025","195008"
"195012","195008"
"195031","195008"
"195005","195008"
"195027","195008"
"195017","195008"
"195010","195008"
"195036","195008"
"195015","195008"
"TROY208","195008"
"195050","195008"
"195028","195008"
"195022","195008"
"195047","195008"
"C4A_QT2","195008"
"195014","195008"
"195019","195008"
"VNW0004","195008"
"195023","195008"
"195043","195008"
"C4A0201","195008"
"195007","195008"
"195021","195008"
"195016","195008"
"195026","195008"
"MMB0011","195008"
"VFH0015","195008"
"195009","195008"
"VNW0001","195008"
"388_QT1","5850206"
"TROY168","TROY195"
"TROY221","TROY195"
"TROY172","TROY195"
"195004","195015"
"195035","195015"
"195025","195015"
"195012","195015"
"195003","195015"
"195031","195015"
"195005","195015"
"195017","195015"
"VAL0025","195015"
"195010","195015"
"195036","195015"
"195008","195015"
"195050","195015"
"195022","195015"
"195014","195015"
"TREM101","195015"
"195023","195015"
"195043","195015"
"195007","195015"
"195032","195015"
"195021","195015"
"195024","195015"
"195016","195015"
"195026","195015"
"195009","195015"
"GMW0002","GMW_QT1"
"ZLF0003","ZLF0052"
"NEW0013","EMP0014"
"MAV0001","EMP0014"
"RAT0002","EMP0014"
"ZLF_QT1","EMP0014"
"NOVY119","NOVY141"
"NOVY125","NOVY141"
"NOVY118","NOVY141"
"VEND174","NOVY141"
"TROY221","NOVY141"
"TROY208","NOVY141"
"TROY216","NOVY141"
"NOVY_QT3","NOVY141"
"NOVY_QT5","NOVY141"
"TROY020","NOVY141"
"NOVY150","NOVY141"
"TROY215","TROY055"
"TROY137","TROY055"
"VEND004","TROY055"
"VL00373","TROY055"
"SILL_QT6","TROY055"
"TROY053","TROY055"
"TROY072","TROY055"
"LUPP101","TROY055"
"ELS0001","195049"
"195035","195049"
"195010","195049"
"C4A_QT2","195049"
"195014","195049"
"195030","195049"
"1890102","195049"
"195048","195049"
"1TN0102","195049"
"F2A0101","195049"
"195009","195049"
"068005","068007"
"CUY0034","WHN_QT3"
"STF0012","STF0004"
"STF0010","STF0004"
"1TN0085","STF0004"
"SPR0004","SPR0003"
"ALC0035","SPR0003"
"C5A0104","SPR0003"
"IJS0003","SPR0003"
"SPR0002","SPR0003"
"VAL0011","SPR0003"
"C5A0203","SPR0003"
"C5A0201","SPR0003"
"C5A0101","SPR0003"
"185362","SPR0003"
"C5A_QT2","SPR0003"
"LRB0032","SPR0003"
"SPR0001","SPR0003"
"VEND143","VEND165"
"VEND157","VEND165"
"VEND270","VEND165"
"VEND120","VEND165"
"VILE101","VEND143"
"VEND165","VEND143"
"185_QT3","VEND143"
"SILL_QT6","VEND143"
"F2A0101","VEND143"
"185370","HOK0001"
"VFH0019","VFH0028"
"ALC0103","MMB0003"
"MRW0002","MMB0003"
"VDM2W13","MMB0003"
"195050","MMB0003"
"FLEV106","MMB0003"
"STF0011","STF0017"
"OSD0017","MEH0001"
"VEL0003","MEH0001"
"FLEV_QT1","MEH0001"
"ELS0006","MEH0001"
"ELS0007","MEH0001"
"VEL0002","MEH0001"
"195001","VEND192"
"VEND184","AUTR201"
"HORB328","195053"
"FLEV150","195053"
"195014","195053"
"195019","195053"
"VNW0001","195053"
"HRW3_QT1","WHN0011"
"C5A0101","C5A0306"
"VEND198","VEND210"
"195011","VDM2W13"
"MMB0003","VDM2W13"
"VNW0005","VDM2W13"
"NWH0035","NWH0042"
"NWH0026","NWH0042"
"NWH0039","NWH0042"
"NWH0020","NWH0030"
"NWH0028","NWH0030"
"ALC0075","NWH0030"
"185349","DIFO039"
"BHO0001","VDMW202"
"OSD0017","VDMW202"
"1TN0101","1TN0107"
"068009","VFH0024"
"068042","VFH0024"
"HKL_QT1","BSK0002"
"F2A0101","BSK0002"
"1TN0086","1TN0084"
"1TN0085","1TN0084"
"DIFO062","DIF0015"
"WEF0013","DIF0015"
"TREM101","FLEV122"
"TROY019","FLEV122"
"FLEV104","FLEV122"
"SPR0005","C5A0305"
"VDM0001","C5A0305"
"C5A0104","C5A0305"
"VAL0022","C5A0305"
"C5A_QT1","C5A0305"
"LRB0025","C5A0305"
"VOW0005","C5A0305"
"C5A0202","C5A0305"
"C5A_QT2","C5A0305"
"LRB0032","C5A0305"
"SPR0001","C5A0305"
"MAV0001","RAT0003"
"202042","202023"
"OUD2215","202023"
"202070","202023"
"202080","202023"
"202034","202023"
"202067","202023"
"202040","202023"
"202116","202023"
"202081","202023"
"202120","202023"
"068085","HBW2002"
"DIFO003","DIFO009"
"202036","202021"
"202011","202021"
"202042","202021"
"202108","202021"
"202116","202021"
"BRE0010","BRE0011"
"METZ640","METZ638"
"OSN0004","OSD_QT3"
"C4A0601","TROY208"
"195008","TROY208"
"NOVY141","TROY208"
"TROY216","TROY208"
"C4A_QT2","TROY208"
"VFH0051","TROY208"
"C4A0201","TROY208"
"TROY019","TROY208"
"SILL_QT6","TROY208"
"NEW0014","TROY208"
"METZ647","TROY208"
"TROY013","TROY208"
"VNW0001","TROY208"
"VEN_QT1","VEN0001"
"F1B0505","F1B0401"
"F1B0101","F1B0401"
"F1B0603","F1B0401"
"F1B0503","F1B0401"
"F1B0301","F1B0401"
"VFH0037","F1B0401"
"F1B0402","F1B0401"
"F1B0502","F1B0401"
"IWRD577","F1B0401"
"F1B0602","F1B0401"
"F1B0302","F1B0401"
"TROY039","TROY216"
"TROY090","TROY216"
"TROY180","TROY216"
"TROY173","TROY216"
"HORB336","TROY216"
"TROY083","TROY216"
"TROY105","TROY216"
"NOVY141","TROY216"
"TROY208","TROY216"
"TROY094","TROY216"
"TROY127","TROY216"
"TROY172","TROY216"
"TROY019","TROY216"
"TROY049","TROY216"
"SILL_QT6","TROY216"
"C4A_QT3","TROY216"
"ZLF2009","ZLF0003"
"ZLF0014","ZLF0003"
"ZLF0046","ZLF0003"
"ZLF0052","ZLF0003"
"ZLF0030","ZLF0003"
"ZLF2001","ZLF0003"
"ZLF0057","ZLF0003"
"HOK0005","RHH0001"
"185_QT6","RHH0001"
"VEND088","RHH0001"
"VEND181","VEND150"
"VEND036","VEND150"
"VEND032","VEND150"
"VEND037","VEND150"
"VEND042","VEND008"
"VEND176","VEND122"
"VEND164","VEND122"
"VNW0009","VDM2W18"
"VDMLR04","VDM2W18"
"VDM2W17","VDMLR15"
"VNW0003","VDMLR15"
"195007","VDMLR15"
"1GD0003","VDMLR15"
"VNW0001","VDMLR15"
"56304003","56304004"
"56304001","56304004"
"HOK0010","56304004"
"OSP0008","VDMS102"
"ZLF0051","ZLF0023"
"ZLF0001","ZLF0023"
"ZLF0049","ZLF0023"
"ZLF0026","ZLF0023"
"BJG0004","BAR_QT2"
"MEK07W3","BAR_QT2"
"BJG0002","BAR_QT2"
"C5A0104","C5A_QT3"
"TROY131","TROY128"
"SIVR107","SIVR101"
"SIVR104","SIVR101"
"SIVR102","SIVR101"
"TROY085","VEND274"
"VEND263","VEND274"
"VDM2W18","VDMLR04"
"MELINP5","1890301"
"STF0007","STF0012"
"STF0004","STF0012"
"STF0019","STF0012"
"STF0015","STF0012"
"STF0018","STF0012"
"POM3003","VFH0011"
"VEND214","VEND227"
"VEND070","VEND227"
"TROY018","TROY197"
"UDP0003","SARR629"
"202085","202118"
"STF0018","202118"
"SILL105","SILL_QT3"
"SILL113","SILL_QT3"
"SILL_QT4","SILL_QT3"
"SILL132","SILL_QT3"
"SILL102","SILL_QT3"
"SILL_QT5","SILL_QT3"
"SILL_QT2","SILL_QT3"
"OSP0009","BHC0039"
"BHC_QT1","BHC_QT4"
"DAAH01","BHC_QT4"
"VEND227","VEND214"
"VEND249","VEND214"
"202118","202085"
"VEND020","VEND206"
"DMN4016","068118"
"TROY082","TROY028"
"TROY077","TROY028"
"TROY089","TROY028"
"ABC0004","ABC0002"
"185143","VFH_QT1"
"VFH0061","VFH_QT1"
"ELT2003","VFH_QT1"
"VFH0054","VFH_QT1"
"1TN0112","1TN0113"
"ELT2004","ELT2003"
"068089","ELT2003"
"VFH_QT1","ELT2003"
"ELT0003","ELT2003"
"SARR616","ELT2003"
"VFH0013","ELT2003"
"068029","068081"
"068072","068081"
"ELT0003","068081"
"068_QT02","068081"
"068024","068081"
"068036","068081"
"388010","388015"
"388_QT2","388015"
"388_QT1","388015"
"DMN1037","388015"
"388008","388015"
"388009","388015"
"ERST202","ERST201"
"HKL0001","HKL0005"
"VL05271","VL05292"
"VL05293","VL05292"
"068025","VEND048"
"TROY217","TROY110"
"ALC0002","RAT0002"
"EMP0014","RAT0002"
"VOW0001","RAT0002"
"C5A0104","RAT0002"
"SWP0002","RAT0002"
"ZLF0050","RAT0002"
"ZLF0036","ZLF0030"
"ZLF2009","ZLF0030"
"ZLF0003","ZLF0030"
"ZLF0017","ZLF0030"
"TROY032","TROY200"
"ZLF0036","VDM2W03"
"VDMWL50","VDM2W03"
"OSP_QT1","VDM2W03"
"VNW0005","VDM2W03"
"IWRD577","VDM2W03"
"ALC0103","587_QT1"
"563005","587_QT1"
"185350","185_QT3"
"185343","185_QT3"
"185325","185_QT3"
"VEND143","185_QT3"
"185322","185_QT3"
"185342","185_QT3"
"185334","185_QT3"
"185330","185_QT3"
"185332","185_QT3"
"185108","185_QT3"
"185336","185_QT3"
"185126","185_QT3"
"TROY143","VFH0035"
"VFH0049","VFH0035"
"195050","VFH0035"
"OFBG212","VFH0035"
"068023","VFH0035"
"C4A_QT3","VFH0035"
"NWH0020","NWH0028"
"NWH0006","NWH0028"
"NWH0030","NWH0028"
"NWH0044","NWH0028"
"NWH0036","NWH0028"
"5851808","POM3011"
"TROY216","TROY094"
"DMN4002","HOK0002"
"SWP0002","HOK0002"
"F1B0101","F1B0402"
"F1B0601","F1B0402"
"F1B0102","F1B0402"
"F1B0603","F1B0402"
"F1B0503","F1B0402"
"F1B0301","F1B0402"
"F1B0401","F1B0402"
"F1B0103","F1B0402"
"F1B0502","F1B0402"
"F1B0504","F1B0402"
"F1B0602","F1B0402"
"F1B0302","F1B0402"
"1TN0106","1TN0105"
"F1B0503","MRW0003"
"F1B0602","MRW0003"
"068087","068072"
"068_QT06","068072"
"068075","068072"
"068081","068072"
"ELT0003","068072"
"068082","068072"
"068_QT02","068072"
"068022","068072"
"068115","068072"
"068_QT01","068072"
"068024","068072"
"VEND184","VEND066"
"VEND049","VEND066"
"VEND065","VEND066"
"VNW0005","IWRD578"
"IWRD577","IWRD578"
"BGA0003","IWRD578"
"600M1","VFH0038"
"NOVY134","VFH0038"
"VRW0007","VDMWL03"
"ALC0035","VDMWL03"
"ALB0001","VDMWL03"
"OSH0025","NIZ0016"
"C4A_QT3","NIZ0016"
"195011","C4A1701"
"VFH0013","C4A1701"
"C4A0504","C4A1701"
"068129","HOK0012"
"068015","068094"
"068063","068094"
"068093","068094"
"TROY130","TROY164"
"NEW_QT1","NEW0008"
"HKL0005","HKL0001"
"HKL0007","HKL0001"
"TROY171","TROY001"
"HRW2004","HRW2003"
"HRW_QT1","HRW2003"
"HRW2001","HRW2003"
"BHC0077","BHC0042"
"BJG0004","BHC0042"
"185060","VEND107"
"VEND034","VEND107"
"VEND089","VEND107"
"VEND142","VEND107"
"MEK07O3","VEND107"
"VEND161","VEND107"
"RAT0002","VOW0001"
"C5A_QT1","VOW0001"
"VRW0008","VOW0001"
"1890203","MEK07W3"
"BAR_QT2","MEK07W3"
"VEND161","MEK07W3"
"VITT106","VITT103"
"VEND034","VITT103"
"OSD0009","VDMWL01"
"TROY090","TROY092"
"TROY105","TROY092"
"TROY088","TROY092"
"388009","388007"
"MAP0003","MAP0002"
"195050","MAP0002"
"VEND053","MAP0002"
"195016","MAP0002"
"195001","MAP0002"
"TROY226","MAP0002"
"TROY028","TROY089"
"TROY010","TROY089"
"TROY031","TROY089"
"TROY071","TROY089"
"D2B0103","GEN0012"
"FLEV103","FLEV129"
"FLEV117","FLEV129"
"VIGO102","FLEV129"
"FLEV_QT2","FLEV129"
"FLEV150","FLEV129"
"OSN0003","FLEV129"
"FLEV_QT1","FLEV129"
"FLEV106","FLEV129"
"VFH0047","FLEV129"
"IOSS001","BSN0004"
"VBA0001","VDMLR25"
"OUD2245","CUY0042"
"TROY110","TROY217"
"TROY172","TROY217"
"SARR606","TROY217"
"METZ647","TROY217"
"VFH0038","NOVY134"
"NOVY_QT4","NOVY134"
"TROY143","068141"
"BAR0008","068141"
"C4A_QT3","068141"
"VFH0035","VFH0049"
"C4A_QT3","VFH0049"
"185342","185096"
"185023","185096"
"185379","185096"
"068056","VEN0004"
"VNW0009","VDMWL47"
"C4CRH13","C4CRH17"
"VFH0037","VFH0033"
"VDMWL20","VDMB003"
"CUY0086","CUY0100"
"CUY0096","CUY0100"
"NWH0030","ALC0075"
"MAV0001","OKF_QT1"
"600M1","BHC0065"
"BSK0002","HKL_QT1"
"HOK0007","HKL_QT1"
"195035","195050"
"MAP0003","195050"
"195025","195050"
"195006","195050"
"195020","195050"
"195012","195050"
"195003","195050"
"195031","195050"
"195005","195050"
"SARR216","195050"
"195027","195050"
"195017","195050"
"VAL0025","195050"
"195010","195050"
"195036","195050"
"195008","195050"
"195015","195050"
"MMB0003","195050"
"VFH0035","195050"
"MAP0002","195050"
"195028","195050"
"195022","195050"
"195047","195050"
"195014","195050"
"195023","195050"
"195030","195050"
"VFH0051","195050"
"OFBG212","195050"
"195007","195050"
"195021","195050"
"195016","195050"
"195026","195050"
"195018","195050"
"195009","195050"
"202042","202052"
"202046","202052"
"BHC0059","BHC0056"
"MEK07W7","BHC0056"
"ELT0003","BHC0056"
"6001005","BHC0056"
"068032","BHC0056"
"LMH0004","BHC0056"
"VEND195","VEND133"
"VEND041","VEND133"
"202021","202108"
"202019","202108"
"202029","202108"
"202031","202108"
"TROY089","TROY010"
"068_QT06","ELT0003"
"VFH0027","ELT0003"
"ELT2002","ELT0003"
"ELT2003","ELT0003"
"068081","ELT0003"
"068072","ELT0003"
"BHC0056","ELT0003"
"068082","ELT0003"
"068_QT02","ELT0003"
"068022","ELT0003"
"ELT0002","ELT0003"
"068032","ELT0003"
"068115","ELT0003"
"068_QT01","ELT0003"
"068138","ELT0003"
"068024","ELT0003"
"068100","ELT0003"
"ELT0001","ELT0003"
"ELT_QT1","ELT0003"
"VEND217","VEND219"
"VEND220","VEND219"
"FLEV103","SARR609"
"CUY0034","CUY0081"
"CUY0078","CUY0081"
"VEND216","VEND215"
"FLEV124","VDMM001"
"VDMLR02","MMB0001"
"068135","068082"
"068_QT06","068082"
"068075","068082"
"068072","068082"
"ELT0003","068082"
"068032","068082"
"068115","068082"
"068_QT01","068082"
"068141","BAR0008"
"CUY0080","CUY0084"
"GEN_QT1","CUY0084"
"FLEV121","FLEV107"
"TROY099","FLEV107"
"FLEV104","FLEV107"
"METZ626","METZ618"
"202051","METZ618"
"METZ625","METZ618"
"VEND045","BJG0002"
"BAR_QT2","BJG0002"
"KNES30a","BJG0002"
"VEN0006","5851806"
"DIFO054","5851806"
"TROY039","TROY127"
"TROY214","TROY127"
"TROY090","TROY127"
"TROY180","TROY127"
"TROY105","TROY127"
"TROY216","TROY127"
"TROY125","TROY127"
"TROY150","TROY127"
"TROY025","TROY127"
"HRW2003","HRW_QT1"
"HRW3_QT1","HRW_QT1"
"1TN0108","HORB320"
"HORB324","HORB320"
"195022","HORB320"
"VDMW201","HORB324"
"SARR216","HORB324"
"HORB105","HORB324"
"SILL120","HORB324"
"HORB320","HORB324"
"ALC_QT1","ALC0035"
"C5A0307","ALC0035"
"SPR0004","ALC0035"
"ALC0049","ALC0035"
"SPR0003","ALC0035"
"VDMWL03","ALC0035"
"C5A0104","ALC0035"
"ELS0007","ALC0035"
"56304005","56304008"
"ELS0007","NWH0018"
"TROY055","TROY137"
"TROY102","TROY137"
"TROY025","TROY137"
"195011","195028"
"195036","195028"
"195008","195028"
"195050","195028"
"195047","195028"
"195014","195028"
"195026","195028"
"195009","195028"
"FLEV103","FLEV112"
"SPR0002","FLEV112"
"TROY066","FLEV112"
"TROY030","FLEV112"
"068124","068119"
"ABF0021","ABC0010"
"WHN_QT3","CUY0034"
"CUY0081","CUY0034"
"CUY0092","CUY0034"
"068087","068_QT02"
"068029","068_QT02"
"068144","068_QT02"
"068081","068_QT02"
"068072","068_QT02"
"ELT0003","068_QT02"
"068_QT01","068_QT02"
"068138","068_QT02"
"068024","068_QT02"
"068026","068_QT02"
"HRW3_QT1","HRW3004"
"IBYK_QT2","IBYK011"
"CUY0020","IBYK011"
"WHN0011","HRW3_QT1"
"HRW_QT1","HRW3_QT1"
"HRW3004","HRW3_QT1"
"HRW3003","HRW3_QT1"
"068087","068022"
"BHC0059","068022"
"068072","068022"
"ELT0003","068022"
"068115","068022"
"068_QT01","068022"
"068026","068022"
"ELT0005","HORB310"
"HORB312","HORB310"
"OFBG212","HORB310"
"HORB102","HORB310"
"202018","202080"
"202042","202080"
"202070","202080"
"202039","202080"
"202023","202080"
"202_QT1","202080"
"VAL0022","VAL0017"
"NOVY117","NOVY105"
"NOVY130","NOVY105"
"NOVY126","NOVY105"
"F1B0101","F1B0103"
"F1B0601","F1B0103"
"F1B0102","F1B0103"
"F1B0503","F1B0103"
"F1B0301","F1B0103"
"F1B0201","F1B0103"
"F1B0402","F1B0103"
"F1B0302","F1B0103"
"195035","195022"
"195025","195022"
"195020","195022"
"195012","195022"
"195031","195022"
"195017","195022"
"195011","195022"
"1TN0067","195022"
"195008","195022"
"195015","195022"
"195050","195022"
"HORB320","195022"
"FLEV113","195022"
"195014","195022"
"195019","195022"
"195023","195022"
"195007","195022"
"195021","195022"
"195026","195022"
"VFH_QT5","195022"
"195018","195022"
"195009","195022"
"ZLF0036","ZLF_QT1"
"EMP0014","ZLF_QT1"
"RAT0001","ZLF_QT1"
"STF0016","STF0019"
"STF0007","STF0019"
"STF0012","STF0019"
"STF0015","STF0019"
"STF0018","STF0019"
"TROY080","TROY061"
"1890102","VFH0032"
"185014","185374"
"185022","185374"
"185013","185374"
"185372","185374"
"NOVY131","NOVY133"
"VEND094","VEND036"
"VEND150","VEND036"
"VEND250","VEND036"
"VEND037","VEND036"
"1TN0123","1TN0119"
"1TN0116","1TN0119"
"1TN0117","1TN0119"
"LIW0002","NEW0005"
"388013","NEW0005"
"VBA0001","NEW0005"
"NEW0011","NEW0005"
"CUY0033","CUY0076"
"CUY0038","CUY0076"
"ELS0007","BHC0006"
"NOVY133","NOVY131"
"068005","NOVY131"
"VAL0014","1DH0019"
"1DH_QT1","1DH0019"
"1TN0101","OSP0003"
"OSP_QT1","OSP0003"
"OSP0008","OSP0003"
"OSP0009","OSP0003"
"OSP0001","OSP0003"
"TROY089","TROY031"
"MEK07W1","BAR_QT1"
"BJV0004","BAR_QT1"
"VEND196","VEND101"
"SEME102","SEME104"
"SILL_QT4","SILL132"
"SILL_QT3","SILL132"
"VDM0001","UDP0005"
"C5A0104","UDP0005"
"LRB0032","UDP0005"
"C5A0307","C5A0104"
"SPR0004","C5A0104"
"VDM0001","C5A0104"
"NWH0038","C5A0104"
"SPR0003","C5A0104"
"C5A0305","C5A0104"
"C5A_QT3","C5A0104"
"RAT0002","C5A0104"
"ALC0035","C5A0104"
"UDP0005","C5A0104"
"RAT0001","C5A0104"
"IJS0003","C5A0104"
"C5A_QT1","C5A0104"
"SPR0002","C5A0104"
"VAL0011","C5A0104"
"C5A0203","C5A0104"
"C5A0404","C5A0104"
"ABF0004","C5A0104"
"C5A0201","C5A0104"
"C5A0202","C5A0104"
"C5A_QT2","C5A0104"
"LRB0032","C5A0104"
"SPR0001","C5A0104"
"OSN0003","OFBG209"
"C4A_QT2","OFBG209"
"OFBG_QT3","OFBG209"
"SILL151","OFBG209"
"SARR214","OFBG209"
"NEW0005","LIW0002"
"TROY100","TROY060"
"TROY196","TROY060"
"BHC0058","6001005"
"BHC0056","6001005"
"OUD2273","OUD2245"
"CUY0042","OUD2245"
"FLEV129","OSN0003"
"OFBG209","OSN0003"
"SILL_QT7","OSN0003"
"OSH0018","OSN0003"
"VEND174","VEND157"
"VEND165","VEND157"
"VEND142","VEND157"
"HOK0002","DMN4002"
"VEND039","VEND020"
"VEND206","VEND020"
"202032","SARR215"
"202015","SARR215"
"DMN4016","563006a"
"NWH0012","ALC0033"
"NWH0036","ALC0033"
"HOK0005","HOK_QT1"
"C5A0305","VAL0022"
"VAL0017","VAL0022"
"C5A_QT1","VAL0022"
"ALC0002","VDMWL05"
"IWRD577","VDMWL05"
"563007","BHC0030"
"STF0018","STF0013"
"FLEV103","195047"
"195025","195047"
"195006","195047"
"195020","195047"
"1TN0067","195047"
"195008","195047"
"195050","195047"
"195028","195047"
"195019","195047"
"195007","195047"
"195018","195047"
"195009","195047"
"VDMWL06","RAT0001"
"ZLF_QT1","RAT0001"
"C5A0104","RAT0001"
"LAMA101","202046"
"202048","202046"
"202052","202046"
"202019","202046"
"563M4SEQ","563014"
"563011","563014"
"563015","563014"
"563013","563014"
"VEND170","VEND224"
"VEND073","VEND059"
"1TN0118","VDMB001"
"185342","185_QT5"
"185108","185_QT5"
"185375","185_QT5"
"185074","185_QT5"
"185380","185092"
"185343","185092"
"185_QT2","185092"
"185323","185092"
"185111","185092"
"185018","185092"
"185021","185092"
"185379","185092"
"068065","068005"
"068007","068005"
"NOVY131","068005"
"VAL0014","068005"
"SILL120","DAMB110"
"VLD0001","DAMB110"
"TROY092","TROY088"
"ZLF0024","ZLF0009"
"ZLF2006","ZLF0009"
"VEND180","VEND184"
"VEND217","VEND184"
"AUTR201","VEND184"
"VEND066","VEND184"
"VEND155","VEND009"
"METZ621","METZ606"
"DIFO063","DIFO057"
"DIFO043","DIFO057"
"388_QT2","388021"
"SWP0004","NEW0002"
"VDM2W03","OSP_QT1"
"OSP0003","OSP_QT1"
"1VL0029","OSP_QT1"
"OSP0009","OSP_QT1"
"OSP0001","OSP_QT1"
"TROY168","SAUL103"
"C5A0203","VZS0001"
"VEND215","VEND216"
"SARR203","SARR207"
"202105","202_QT1"
"202101","202_QT1"
"202039","202_QT1"
"202080","202_QT1"
"202110","202_QT1"
"202034","202_QT1"
"202081","202_QT1"
"CUY0098","CUY0089"
"CUY0061","CUY0089"
"CUY0028","CUY0089"
"D2B0101","CUY0089"
"SIVR107","SIVR104"
"SIVR101","SIVR104"
"SIVR102","SIVR104"
"SIVR103","SIVR104"
"VFH_QT3","VFH_QT4"
"VFH0018","VFH_QT4"
"EOF0001","EOF0002"
"ERST202","ERST205"
"195031","FLEV113"
"195022","FLEV113"
"195014","FLEV113"
"VFH0023","FLEV113"
"195043","FLEV113"
"SILL139","FLEV113"
"195007","FLEV113"
"FLEV109","FLEV113"
"METZ647","FLEV113"
"VFH0039","VFH0050"
"SIVR107","SIVR102"
"SIVR101","SIVR102"
"SIVR104","SIVR102"
"F1B0301","MEH0011"
"068156","VDMLR16"
"56302004","56302005"
"VEND195","VEND194"
"FLEV137","TROY018"
"TROY197","TROY018"
"TROY176","TROY018"
"068065","068063"
"56304003","068063"
"068094","068063"
"068093","068063"
"VEND180","VEND049"
"VEND217","VEND049"
"VEND066","VEND049"
"VEND232","VEND049"
"NOVY114","NOVY_QT6"
"STF0010","STF0014"
"STF0015","STF0014"
"185350","185322"
"185343","185322"
"185325","185322"
"185_QT3","185322"
"185321","185322"
"185334","185322"
"185330","185322"
"185332","185322"
"185108","185322"
"185336","185322"
"ELT0003","ELT0002"
"PLIC101","ATT_QT1"
"SILL_QT1","ATT_QT1"
"LAMA102","ATT_QT1"
"202031","ATT_QT1"
"FLEV120","FLEV119"
"FLEV118","FLEV119"
"BJG0004","IJS0003"
"SPR0003","IJS0003"
"C5A0104","IJS0003"
"SPR0002","IJS0003"
"VAL0011","IJS0003"
"UDP0002","IJS0003"
"FLEV103","FLEV127"
"MRW0002","FLEV127"
"FLEV_QT1","FLEV127"
"VFH0023","FLEV127"
"FLEV109","FLEV127"
"FLEV128","FLEV127"
"FLEV117","FLEV_QT3"
"TROY221","FLEV_QT3"
"FLEV_QT1","FLEV_QT3"
"FLEV106","FLEV_QT3"
"TROY172","FLEV_QT3"
"TROY008","FLEV_QT3"
"FLEV101","FLEV_QT3"
"OSN0003","SILL_QT7"
"SILL139","SILL_QT7"
"METZ647","SILL_QT7"
"185006","185_QT1"
"185372","185_QT1"
"185002","185_QT1"
"185003","185_QT1"
"185009","185_QT1"
"202108","202019"
"202046","202019"
"202029","202019"
"VEND094","VEND004"
"TROY055","VEND004"
"SILL_QT6","DAMP108"
"FLEV103","FLEV_QT1"
"FLEV117","FLEV_QT1"
"068143","FLEV_QT1"
"MRW0002","FLEV_QT1"
"MEH0001","FLEV_QT1"
"FLEV129","FLEV_QT1"
"FLEV127","FLEV_QT1"
"FLEV_QT3","FLEV_QT1"
"FLEV106","FLEV_QT1"
"FLEV109","FLEV_QT1"
"TROY008","FLEV_QT1"
"FLEV128","FLEV_QT1"
"185350","185323"
"185343","185323"
"185325","185323"
"185092","185323"
"185342","185323"
"185321","185323"
"185334","185323"
"ZLF0036","ZLF2001"
"ZLF2009","ZLF2001"
"ZLF0003","ZLF2001"
"ZLF2007","ZLF2001"
"DAMB112","1TN0072"
"ELS0007","1TN0072"
"202018","202110"
"202101","202110"
"202070","202110"
"202039","202110"
"202_QT1","202110"
"202034","202110"
"CUY0098","CUY0028"
"CUY0095","CUY0028"
"1AH_QT1","CUY0028"
"CUY0089","CUY0028"
"FLEV103","C4A_QT2"
"VIGO102","C4A_QT2"
"195031","C4A_QT2"
"HORB105","C4A_QT2"
"FLEV137","C4A_QT2"
"195008","C4A_QT2"
"195049","C4A_QT2"
"TROY208","C4A_QT2"
"OFBG209","C4A_QT2"
"195014","C4A_QT2"
"FLEV128","C4A_QT2"
"VNW0001","C4A_QT2"
"VEND174","VEND142"
"VEND107","VEND142"
"VEND157","VEND142"
"VEND187","VEND142"
"NOVY124","NOVY130"
"NOVY117","NOVY130"
"NOVY105","NOVY130"
"NOVY_QT3","NOVY130"
"NOVY120","NOVY130"
"NOVY126","NOVY130"
"VEND053","NOVY130"
"NOVY150","NOVY130"
"1890308","MELINP5"
"1890301","MELINP5"
"1890304","MELINP5"
"MMB_QT1","MRW0001"
"VDMWL43","MRW0001"
"ZLF0037","ZLF0013"
"563M4SEQ","563011"
"563014","563011"
"NWH0012","NWH0007"
"1DH0039","C4A0901"
"1DH0015","C4A0901"
"C4A0201","C4A0901"
"068_QT06","068032"
"BHC0056","068032"
"ELT0003","068032"
"068082","068032"
"068_QT01","068032"
"HOK0023","HOK0025"
"NOVY126","NOVY123"
"VEND120","VEND262"
"202108","202029"
"202019","202029"
"SILL_QT3","SILL102"
"185321","185329"
"185330","185329"
"BAW0002","BAW0001"
"HRW2004","HRW2001"
"HRW2003","HRW2001"
"CUY0080","HRW2001"
"202105","202034"
"202101","202034"
"202042","202034"
"202070","202034"
"202068","202034"
"202023","202034"
"202_QT1","202034"
"202110","202034"
"202067","202034"
"202081","202034"
"195035","195014"
"MAP0003","195014"
"195025","195014"
"195012","195014"
"195003","195014"
"195031","195014"
"195005","195014"
"HORB306","195014"
"HORB105","195014"
"HORB328","195014"
"195010","195014"
"195036","195014"
"195008","195014"
"195015","195014"
"195049","195014"
"195053","195014"
"195050","195014"
"195028","195014"
"195022","195014"
"FLEV113","195014"
"C4A_QT2","195014"
"VFH0023","195014"
"195023","195014"
"195043","195014"
"195007","195014"
"FLEV109","195014"
"195021","195014"
"HORB311","195014"
"HORB102","195014"
"195024","195014"
"195016","195014"
"195026","195014"
"195048","195014"
"195029","195014"
"195033","195014"
"VFH0015","195014"
"VFH0047","195014"
"1TN0100","195014"
"195009","195014"
"202018","202067"
"202105","202067"
"202101","202067"
"202042","202067"
"202070","202067"
"202023","202067"
"202034","202067"
"202040","202067"
"202117","202067"
"202081","202067"
"POM3011","5851808"
"NLF0002","NKF0002"
"VIGO102","VFH0023"
"FLEV113","VFH0023"
"FLEV127","VFH0023"
"195014","VFH0023"
"VFH0004","VFH0023"
"VFH0054","VFH0023"
"FLEV109","VFH0023"
"068_QT06","068115"
"068072","068115"
"ELT0003","068115"
"068082","068115"
"068022","068115"
"068_QT01","068115"
"STF0004","STF0010"
"STF0014","STF0010"
"1TN0085","STF0010"
"STF0022","STF0010"
"TROY117","TROY125"
"TROY039","TROY125"
"TROY180","TROY125"
"TROY105","TROY125"
"TROY127","TROY125"
"TROY102","TROY125"
"TROY074","TROY125"
"IJS0002","IJS0001"
"VDMM002","IJS0001"
"VEND034","SILL123"
"SILL_QT6","SILL123"
"MRW0002","TREM101"
"195015","TREM101"
"FLEV122","TREM101"
"ZLF0023","ZLF0001"
"ZLF0049","ZLF0001"
"ZLF0026","ZLF0001"
"OKF0011","C5A_QT1"
"C5A0307","C5A_QT1"
"VOW0006","C5A_QT1"
"VDM0001","C5A_QT1"
"ALC0002","C5A_QT1"
"C5A0305","C5A_QT1"
"VOW0001","C5A_QT1"
"C5A0104","C5A_QT1"
"VAL0022","C5A_QT1"
"VDMWL07","C5A_QT1"
"C5A0203","C5A_QT1"
"LRB0025","C5A_QT1"
"VOW0039","C5A_QT1"
"C5A0202","C5A_QT1"
"ALC0047","C5A_QT1"
"C5A_QT2","C5A_QT1"
"GVE0001","GVE0003"
"GVE0004","GVE0003"
"HORB307","HORB309"
"F1B0503","F1B0502"
"F1B0301","F1B0502"
"F1B0401","F1B0502"
"F1B0402","F1B0502"
"F1B0302","F1B0502"
"LRC0028","LRC0026"
"TROY055","VL00373"
"195006","SPR0002"
"SPR0003","SPR0002"
"FLEV112","SPR0002"
"C5A0104","SPR0002"
"IJS0003","SPR0002"
"LRB0032","SPR0002"
"SPR0001","SPR0002"
"ELT0005","OFBG_QT3"
"OFBG209","OFBG_QT3"
"SAND101","OFBG_QT3"
"ALC_QT1","UDP0001"
"VDMM002","UDP0001"
"C5A0202","UDP0001"
"OSP_QT1","1VL0029"
"DAMP103","VEND175"
"STF0017","STF0011"
"1890208","1890207"
"195004","195019"
"195025","195019"
"195031","195019"
"195036","195019"
"195008","195019"
"195053","195019"
"195022","195019"
"195047","195019"
"195023","195019"
"195007","195019"
"195021","195019"
"195026","195019"
"195018","195019"
"202048","1DH0015"
"VFH0027","1DH0015"
"C4A0901","1DH0015"
"185350","185342"
"185343","185342"
"185325","185342"
"185_QT3","185342"
"185096","185342"
"185_QT5","185342"
"185323","185342"
"185321","185342"
"185330","185342"
"185332","185342"
"185023","185342"
"185331","185342"
"185336","185342"
"185337","185342"
"TROY164","TROY130"
"185150","068031"
"VEND227","VEND070"
"TROY090","IALP062"
"NOVY122","IALP062"
"TROY226","IALP062"
"OFBG218","OFBG207"
"ERST201","ERST202"
"ERST205","ERST202"
"SARR217","SARR204"
"068089","065169"
"068034","065169"
"VEND095","VEND073"
"VEND059","VEND073"
"SILL_QT3","SILL_QT5"
"SILL_QT2","SILL_QT5"
"202018","202040"
"202042","202040"
"202070","202040"
"202023","202040"
"202067","202040"
"202116","202040"
"202081","202040"
"185143","185111"
"185060","185111"
"185_QT2","185111"
"185092","185111"
"185030","185111"
"185039","185111"
"HORB310","HORB312"
"HORB101","HORB312"
"VDMWL03","ALB0001"
"068_QT06","068_QT01"
"068075","068_QT01"
"068072","068_QT01"
"ELT0003","068_QT01"
"068082","068_QT01"
"068_QT02","068_QT01"
"068022","068_QT01"
"068032","068_QT01"
"068115","068_QT01"
"068120","068_QT01"
"WKN0002","SWP0005"
"195008","VNW0004"
"195021","VNW0004"
"VEND036","VEND250"
"VAL0014","1DH0034"
"068083","1DH0034"
"ALC0103","VLD0001"
"195035","VLD0001"
"MRW0002","VLD0001"
"1TN0096","VLD0001"
"DAMB110","VLD0001"
"SILL151","VLD0001"
"TROY170","VLD0001"
"TROY150","VLD0001"
"195009","VLD0001"
"FLOR103","VLD0001"
"BHC0030","563007"
"56302002","563007"
"563004a","563007"
"56304003","56304001"
"56304004","56304001"
"BHC0064","BHC0028"
"SILL_QT1","BHC0028"
"CUY0088","CUY0093"
"CUY0033","CUY0093"
"CUY0035","CUY0093"
"CUY0051","CUY0093"
"CUY0038","CUY0093"
"CUY0043","CUY0093"
"CUY0020","CUY0093"
"NOVY_QT6","NOVY114"
"5851806","VEN0006"
"388_QT2","388019"
"388013","388019"
"388008","388019"
"388001","388019"
"388009","388019"
"MELINP5","1890304"
"SILL110","SILL111"
"VFH0023","VFH0004"
"068085","068096"
"068015","068096"
"VFH_QT2","068096"
"VFH0054","068096"
"068_QT04","068096"
"TROY214","SILL115"
"TROY143","SILL115"
"VEND096","SILL115"
"TROY032","SILL115"
"TROY172","SILL115"
"SAUL_QT2","SILL115"
"195035","SILL151"
"SILL120","SILL151"
"MRW0002","SILL151"
"BAR0006","SILL151"
"OFBG209","SILL151"
"VLD0001","SILL151"
"SILL150","SILL151"
"195021","SILL151"
"SILL146","SILL151"
"195009","SILL151"
"VEND176","VEND213"
"195025","VEND213"
"195023","VEND213"
"VEND255","VEND213"
"VEND238","VEND213"
"VEND228","VEND232"
"VEND217","VEND232"
"VEND062","VEND232"
"VEND241","VEND232"
"VEND181","VEND232"
"VEND049","VEND232"
"VEND226","VEND232"
"VEND220","VEND232"
"VEND248","VEND232"
"TROY095","TROY203"
"TROY001","TROY171"
"CUY0030","IBYK008"
"CUY0038","IBYK008"
"BAW0001","BAW0002"
"DEU0019","BAW0002"
"BAW0003","BAW0002"
"VDM2W05","VNW0005"
"VDM2W13","VNW0005"
"VDM2W03","VNW0005"
"IWRD578","VNW0005"
"IWRD577","VNW0005"
"1890102","VEND061"
"VEND025","VEND061"
"CUY0089","D2B0101"
"TROY039","TROY033"
"TROY176","TROY033"
"TROY172","TROY033"
"DIF0015","WEF0013"
"WEF0017","WEF0013"
"VEND033","VEND047"
"VEND071","VEND047"
"VEND185","VEND047"
"VEND039","VEND047"
"VEND174","VEND047"
"NOVY_QT3","VEND047"
"VEND187","VEND047"
"VEND042","VEND047"
"195035","195023"
"195025","195023"
"195012","195023"
"195003","195023"
"195031","195023"
"195005","195023"
"195017","195023"
"195011","195023"
"195010","195023"
"195036","195023"
"195008","195023"
"195015","195023"
"195050","195023"
"195022","195023"
"195014","195023"
"195019","195023"
"VEND213","195023"
"195043","195023"
"195007","195023"
"195021","195023"
"195016","195023"
"195026","195023"
"195018","195023"
"VFH0015","195023"
"195052","195023"
"195001","195023"
"195009","195023"
"NWH0004","NWH0008"
"METZ621","METZ625"
"METZ618","METZ625"
"BHC0040","BHC0086"
"VEND232","VEND226"
"SILL_QT6","VEND226"
"NOVY125","NOVY_QT3"
"NOVY118","NOVY_QT3"
"NOVY141","NOVY_QT3"
"NOVY130","NOVY_QT3"
"VEND047","NOVY_QT3"
"NOVY_QT5","NOVY_QT3"
"NOVY108","NOVY_QT3"
"NOVY150","NOVY_QT3"
"ZLF0023","ZLF0049"
"ZLF0001","ZLF0049"
"ZLF0034","ZLF0049"
"195025","195043"
"195003","195043"
"195031","195043"
"195005","195043"
"195017","195043"
"195036","195043"
"195008","195043"
"195015","195043"
"FLEV113","195043"
"195014","195043"
"195023","195043"
"195016","195043"
"195026","195043"
"195018","195043"
"195033","195043"
"195009","195043"
"DAMP_QT2","DAMP102"
"NOVY126","ROSN_QT1"
"TROY210","ROSN_QT1"
"TROY163","ROSN_QT1"
"ALC_QT1","VAL0011"
"SPR0003","VAL0011"
"C5A0104","VAL0011"
"IJS0003","VAL0011"
"LRB0032","VAL0011"
"LMH0004","LMH0001"
"NEW0014","LMH0001"
"202072","202091"
"195049","195030"
"195050","195030"
"TROY060","TROY100"
"TROY102","TROY100"
"TROY074","TROY100"
"TROY025","TROY100"
"TROY168","TROY196"
"TROY060","TROY196"
"TROY172","TROY196"
"1TN0105","1TN0106"
"ABN0021","BRE0003"
"VEND221","VEND050"
"VEND039","VEND050"
"NOVY107","VEND050"
"VEND032","VEND050"
"VEND037","VEND050"
"VEND042","VEND050"
"TROY090","TROY176"
"TROY180","TROY176"
"TROY173","TROY176"
"TROY018","TROY176"
"TROY033","TROY176"
"TROY170","TROY176"
"FLEV117","VFH0051"
"TROY208","VFH0051"
"195050","VFH0051"
"185060","185321"
"185343","185321"
"185322","185321"
"185323","185321"
"185329","185321"
"185342","185321"
"185334","185321"
"METZ638","METZ640"
"185350","185334"
"185343","185334"
"185_QT3","185334"
"185322","185334"
"185323","185334"
"185321","185334"
"ZLF0009","ZLF2006"
"NWH0013","ALB0002"
"NWH0035","ALB0002"
"VEL0003","ALB0002"
"ELS0007","ALB0002"
"068087","068_QT05"
"068026","068_QT05"
"F1B0504","WOE0003"
"OSN0004","OSH0016"
"VEND051","VEND093"
"068139","068138"
"ELT0003","068138"
"068_QT02","068138"
"NWH0013","NWH0044"
"NWH0028","NWH0044"
"RHH0001","VEND088"
"185034","185033"
"NOVY130","NOVY120"
"NOVY126","NOVY120"
"VILE101","VEND096"
"VEND033","VEND096"
"SILL115","VEND096"
"STF0001","STF0002"
"185092","185018"
"202028","202020"
"388010","388_QT2"
"388015","388_QT2"
"388021","388_QT2"
"388019","388_QT2"
"388_QT1","388_QT2"
"388012","388_QT2"
"388009","388_QT2"
"ELT2003","SARR616"
"185350","185330"
"185325","185330"
"185_QT3","185330"
"185322","185330"
"185329","185330"
"185342","185330"
"185332","185330"
"185336","185330"
"VDMWL06","VDMWL07"
"C5A_QT1","VDMWL07"
"LRB0025","VDMWL07"
"VOW0039","VDMWL07"
"LIW_QT1","VDMWL31"
"388013","VDMWL31"
"VEND016","VEND270"
"VEND165","VEND270"
"VEND037","VEND270"
"SILL151","SILL150"
"TROY170","SILL150"
"SILL146","SILL150"
"HKL_QT1","HOK0007"
"195003","HORB316"
"HORB311","HORB316"
"OSD_QT3","OSN0004"
"OSH0016","OSN0004"
"HORB206","SARR620"
"068096","VFH_QT2"
"068_QT04","VFH_QT2"
"NOVY117","NOVY126"
"NOVY105","NOVY126"
"NOVY130","NOVY126"
"NOVY123","NOVY126"
"ROSN_QT1","NOVY126"
"NOVY120","NOVY126"
"NOVY150","NOVY126"
"ALC_QT1","UDP0002"
"IJS0003","UDP0002"
"185373","185372"
"185_QT6","185372"
"185374","185372"
"185_QT1","185372"
"CUY0086","CUY0080"
"CUY0022","CUY0080"
"CUY0030","CUY0080"
"CUY0084","CUY0080"
"HRW2001","CUY0080"
"MB-O1b","MB_QT1"
"WOE0008","MMB_QT1"
"MRW0001","MMB_QT1"
"185_QT1","185002"
"185003","185002"
"068085","VAL0014"
"1DH0019","VAL0014"
"068005","VAL0014"
"1DH0034","VAL0014"
"1DH_QT1","VAL0014"
"068134","VAL0014"
"ABF0021","ABN0082"
"ABC0008","ABN0082"
"FLEV104","BOUX101"
"WS3_QT1","068002"
"ELT2001","068024"
"VDMW201","068024"
"ELT0005","068024"
"068029","068024"
"ELT2004","068024"
"ELT2002","068024"
"068081","068024"
"068072","068024"
"ELT0003","068024"
"068_QT02","068024"
"068036","068024"
"ELT_QT1","068024"
"BAW0002","DEU0019"
"NEW0011","DEU0019"
"OSD_QT2","DEU0019"
"388010","388_QT1"
"BHC0059","388_QT1"
"BRE0015","388_QT1"
"5850206","388_QT1"
"388015","388_QT1"
"388_QT2","388_QT1"
"388013","388_QT1"
"DMN1037","388_QT1"
"388008","388_QT1"
"388001","388_QT1"
"185020","185021"
"185380","185021"
"185343","185021"
"185092","185021"
"185108","185021"
"ATT_QT1","SILL_QT1"
"BHC0028","SILL_QT1"
"SILL137","SILL_QT1"
"DIFO054","SILL_QT1"
"Y000E02","NKF0001"
"NLF0003","NKF0001"
"ALC_QT1","C5A0203"
"VDM0001","C5A0203"
"SPR0003","C5A0203"
"C5A0104","C5A0203"
"VZS0001","C5A0203"
"C5A_QT1","C5A0203"
"C5A_QT2","C5A0203"
"SPR0001","C5A0203"
"CUY0081","CUY0078"
"388_QT2","388012"
"388009","388012"
"DMN1_QT1","VDMW002"
"CUY0001","CUY0096"
"CUY0100","CUY0096"
"ELT0005","OFBG212"
"VFH0035","OFBG212"
"195050","OFBG212"
"HORB310","OFBG212"
"HORB101","OFBG212"
"DMN1030","OFBG212"
"ZLF0025","ZLF0004"
"SILL_QT1","SILL137"
"HORB315","HORB304"
"HORB305","HORB304"
"BRE0011","BRE0010"
"195010","C4A0201"
"195008","C4A0201"
"TROY208","C4A0201"
"C4A0901","C4A0201"
"1DH0032","C4A0201"
"1DH0036","C4A0201"
"SILL146","C4A0201"
"202026","202037"
"TROY027","TROY081"
"TROY184","TROY081"
"DIF0025","DMN1036"
"VFH0037","DMN1036"
"VEL0004","NWH0036"
"NWH0032","NWH0036"
"NWH0038","NWH0036"
"NWH0028","NWH0036"
"ALC0033","NWH0036"
"C5A0404","NWH0036"
"VOW0005","NWH0036"
"NWH0021","NWH0036"
"BHC0056","LMH0004"
"LMH0001","LMH0004"
"185025","TROY032"
"TROY200","TROY032"
"SILL115","TROY032"
"TROY181","TROY032"
"TROY025","TROY032"
"EMP0007","EMP0015"
"BHC0067","EMP0015"
"F1B0101","F1B0504"
"F1B0601","F1B0504"
"F1B0102","F1B0504"
"F1B0503","F1B0504"
"F1B0402","F1B0504"
"WOE0003","F1B0504"
"IWRD577","F1B0504"
"F1B0602","F1B0504"
"F1B0302","F1B0504"
"NEW0005","388013"
"388019","388013"
"VDMWL31","388013"
"388_QT1","388013"
"388008","388013"
"BHC0071","388013"
"A246_05","388013"
"MRW0002","SILL139"
"FLEV113","SILL139"
"SILL_QT7","SILL139"
"VEND172","VEND220"
"VEND217","VEND220"
"VEND219","VEND220"
"VEND232","VEND220"
"VEND142","VEND187"
"VEND047","VEND187"
"CUY0033","CUY0039"
"CUY0035","CUY0039"
"CUY0038","CUY0039"
"CUY0020","CUY0039"
"NKF0002","NLF0002"
"VILE101","TROY184"
"TROY180","TROY184"
"TROY081","TROY184"
"TROY172","TROY184"
"TROY020","TROY184"
"VEND240","VEND253"
"FLEV103","FLEV106"
"FLEV_QT2","FLEV106"
"FLEV137","FLEV106"
"FLEV150","FLEV106"
"MMB0003","FLEV106"
"FLEV129","FLEV106"
"FLEV_QT3","FLEV106"
"FLEV_QT1","FLEV106"
"TROY008","FLEV106"
"STF0012","STF0015"
"STF0019","STF0015"
"STF0014","STF0015"
"STF0021","STF0015"
"STF0018","STF0015"
"TROY170","TROY186"
"SAND101","TROY186"
"068100","068_QT07"
"C5A0104","C5A0404"
"NWH0036","C5A0404"
"563_QT1","C5A0404"
"VDMWL53","VDM2W23"
"068160","VDM2W23"
"068156","VDM2W23"
"TROY096","TROY172"
"TROY056","TROY172"
"TROY117","TROY172"
"TROY039","TROY172"
"VILE101","TROY172"
"TROY090","TROY172"
"FLEV117","TROY172"
"TROY173","TROY172"
"TROY168","TROY172"
"TROY222","TROY172"
"TROY083","TROY172"
"TROY174","TROY172"
"TROY195","TROY172"
"TROY216","TROY172"
"TROY217","TROY172"
"FLEV_QT3","TROY172"
"SILL115","TROY172"
"TROY033","TROY172"
"TROY196","TROY172"
"TROY184","TROY172"
"TROY024","TROY172"
"TROY008","TROY172"
"TROY074","TROY172"
"TROY020","TROY172"
"TROY025","TROY172"
"VEND039","TROY019"
"FLEV122","TROY019"
"TROY208","TROY019"
"TROY216","TROY019"
"METZ647","TROY019"
"202018","202116"
"202011","202116"
"OUD2215","202116"
"202070","202116"
"202078","202116"
"202023","202116"
"202021","202116"
"202040","202116"
"202041","202116"
"HORB312","HORB101"
"OFBG212","HORB101"
"DIFO063","KNES30a"
"BJG0002","KNES30a"
"NEW0014","KNES30a"
"KNES24","KNES30a"
"F2A0101","KNES30a"
"STF0002","STF0001"
"202048","VFH0054"
"VFH_QT1","VFH0054"
"VFH0023","VFH0054"
"068096","VFH0054"
"202045","VFH0054"
"56304005","VFH0054"
"068100","068_QT08"
"C5A0104","ABF0004"
"ABF0021","ABF0004"
"ABF0013","ABF0004"
"NWH0019","NWH0041"
"ELT0005","VFH0013"
"HORB105","VFH0013"
"VAL0025","VFH0013"
"VFH0027","VFH0013"
"ELT2003","VFH0013"
"C4A1701","VFH0013"
"C4A_QT3","VFH0013"
"1AH_QT1","GEN_QT1"
"CUY0061","GEN_QT1"
"CUY0097","GEN_QT1"
"CUY0084","GEN_QT1"
"CUY0033","GEN_QT1"
"HRW2002","GEN_QT1"
"185111","185030"
"185325","185332"
"185_QT3","185332"
"185322","185332"
"185342","185332"
"185330","185332"
"185331","185332"
"185336","185332"
"FLEV103","195007"
"195004","195007"
"195035","195007"
"195025","195007"
"195006","195007"
"195020","195007"
"195012","195007"
"195031","195007"
"195005","195007"
"195027","195007"
"195017","195007"
"195010","195007"
"195036","195007"
"195008","195007"
"195015","195007"
"VDMLR15","195007"
"195050","195007"
"195022","195007"
"195047","195007"
"FLEV113","195007"
"195014","195007"
"195019","195007"
"195023","195007"
"FLEV109","195007"
"195021","195007"
"195024","195007"
"195016","195007"
"195026","195007"
"195048","195007"
"195018","195007"
"195001","195007"
"LAMA101","TRAG102"
"1TN0118","VEN_QT1"
"HKL0006","VEN_QT1"
"1TN0101","VEN_QT1"
"VEN0001","VEN_QT1"
"OSD_QT1","VOW0028"
"BHC0077","VOW0028"
"VOW0039","VOW0028"
"DIFO044","VOW0028"
"VBA0001","VDMLR07"
"SILL_QT4","IWRD577"
"VDM2W17","IWRD577"
"VNW0003","IWRD577"
"F1B0401","IWRD577"
"VDM2W03","IWRD577"
"IWRD578","IWRD577"
"VDMWL05","IWRD577"
"VNW0005","IWRD577"
"F1B0504","IWRD577"
"BHC0066","IWRD577"
"VDMWL10","IWRD577"
"ABF0021","ABF0006"
"ABF0013","ABF0006"
"1TN0118","1TN0116"
"1TN0119","1TN0116"
"1TN0117","1TN0116"
"BHC0086","BHC0040"
"BHC0066","BHC0040"
"SILL146","FLEV146"
"56302005","56302004"
"C4CRH17","C4CRH13"
"LRC0022","C4CRH13"
"TROY039","TROY170"
"TROY180","TROY170"
"SILL120","TROY170"
"VLD0001","TROY170"
"TROY176","TROY170"
"SILL150","TROY170"
"TROY186","TROY170"
"1AH_QT2","CUY0033"
"GEP0007","CUY0033"
"CUY0068","CUY0033"
"CUY0049","CUY0033"
"D2B0103","CUY0033"
"CUY0076","CUY0033"
"CUY0093","CUY0033"
"CUY0039","CUY0033"
"GEN_QT1","CUY0033"
"CUY0035","CUY0033"
"CUY0038","CUY0033"
"CUY0059","CUY0033"
"CUY0020","CUY0033"
"TROY127","TROY150"
"VLD0001","TROY150"
"600M1","BHC0022"
"VEND274","TROY085"
"SPR0005","LRB0025"
"VDM0001","LRB0025"
"C5A0305","LRB0025"
"C5A_QT1","LRB0025"
"VDMWL07","LRB0025"
"MEH0001","ELS0006"
"ELS0007","ELS0006"
"NWH0004","NWH0023"
"VEND225","VEND248"
"VEND232","VEND248"
"FLEV103","FLEV109"
"MRW0002","FLEV109"
"FLEV113","FLEV109"
"FLEV127","FLEV109"
"FLEV_QT1","FLEV109"
"195014","FLEV109"
"VFH0023","FLEV109"
"195007","FLEV109"
"068129","FLEV109"
"WOE0008","VDMWL23"
"195015","195032"
"195026","195032"
"OSD_QT1","DAAH15A"
"BGA0003","DAAH15A"
"NOVY115","NOVY_QT2"
"TROY148","TROY145"
"VEND028","VEND032"
"VEND150","VEND032"
"VEND050","VEND032"
"VEND042","VEND032"
"VFH0061","VFH0034"
"VEND274","VEND263"
"HOK0012","068129"
"FLEV109","068129"
"CAO0022","CAO_QT1"
"388010","DMN1037"
"600M1","DMN1037"
"388015","DMN1037"
"388_QT1","DMN1037"
"388009","DMN1037"
"DIFO026","DIFO036"
"SIVR107","SIVR103"
"SIVR104","SIVR103"
"VL05271","VL05289"
"VL05288","VL05289"
"TROY172","TROY024"
"VEND016","VEND240"
"VEND253","VEND240"
"VEND034","VEND255"
"VEND154","VEND255"
"VITT107","VEND255"
"VEND185","VEND255"
"VEND174","VEND255"
"VEND069","VEND255"
"TROY099","VEND255"
"VEND181","VEND255"
"VEND213","VEND255"
"VEND053","VEND255"
"VEND243","VEND255"
"195026","VEND255"
"VEND042","VEND255"
"NWH0042","NWH0026"
"VEND071","VEND053"
"VEND069","VEND053"
"MAP0002","VEND053"
"NOVY130","VEND053"
"VEND255","VEND053"
"NOVY150","VEND053"
"ALC0002","SEME102"
"SEME104","SEME102"
"ABN0007","ABC0007"
"VEND213","VEND238"
"185096","185023"
"185342","185023"
"1TN0120","HOK0010"
"56304004","HOK0010"
"HOK_QT2","HOK0010"
"SPR0003","C5A0201"
"C5A0104","C5A0201"
"C5A0101","C5A0201"
"DMW0001","VL05293"
"VL05291","VL05293"
"VL05292","VL05293"
"TROY215","TROY210"
"ROSN_QT1","TROY210"
"CUY0044","CUY0037"
"CUY0097","CUY0037"
"HORB321","195021"
"VIGO102","195021"
"1TN0068","195021"
"195031","195021"
"195005","195021"
"195017","195021"
"1TN0096","195021"
"195010","195021"
"195008","195021"
"195015","195021"
"195050","195021"
"195022","195021"
"195014","195021"
"195019","195021"
"VNW0004","195021"
"SILL151","195021"
"195023","195021"
"195007","195021"
"195024","195021"
"195016","195021"
"195026","195021"
"195048","195021"
"1TN0100","195021"
"SILL146","195021"
"195044","195021"
"195009","195021"
"068124","068026"
"068_QT02","068026"
"068022","068026"
"068_QT05","068026"
"068142","068026"
"MAIR_QT2","MAIR_QT3"
"C5A0404","563_QT1"
"OSN0003","OSH0018"
"IALP065","OSH0018"
"BAR_QT1","BJV0004"
"KNES30d","BJV0004"
"VEND066","VEND065"
"VEND261","VEND065"
"1TN0093","SARR213"
"202032","202043"
"D2A_QT2","1890204"
"GVE0002","GVE0001"
"GVE0003","GVE0001"
"VDM2W17","VDM2W33"
"1GD0003","VDM2W33"
"1TN0126","VDM2W33"
"NWH0038","VOW0005"
"C5A0305","VOW0005"
"NWH0036","VOW0005"
"CUY0058","CUY0035"
"CUY0093","CUY0035"
"CUY0039","CUY0035"
"CUY0033","CUY0035"
"IWRD577","BHC0066"
"BHC0040","BHC0066"
"388015","388008"
"388019","388008"
"388_QT1","388008"
"388013","388008"
"068_QT06","068120"
"068_QT01","068120"
"HORB306","HORB311"
"195014","HORB311"
"HORB316","HORB311"
"ALC0002","VOW0039"
"C5A_QT1","VOW0039"
"VDMWL07","VOW0039"
"VOW0028","VOW0039"
"EMP0012","EMP0011"
"HORB310","HORB102"
"195014","HORB102"
"SARR204","SARR217"
"OFBG207","OFBG218"
"185006","185379"
"185150","185379"
"185096","185379"
"185092","185379"
"NWH0035","NWH0039"
"NWH0042","NWH0039"
"ZLF0030","ZLF0017"
"068144","068034"
"068033","068034"
"065169","068034"
"202039","202117"
"202067","202117"
"VEND224","VEND170"
"NWH0038","NWH0009"
"HOK0010","HOK_QT2"
"068089","DMN1030"
"OFBG212","DMN1030"
"NOVY118","NOVY_QT5"
"NOVY116","NOVY_QT5"
"NOVY141","NOVY_QT5"
"NOVY_QT3","NOVY_QT5"
"587_QT1","563005"
"1TN0086","1TN0085"
"STF0004","1TN0085"
"1TN0084","1TN0085"
"STF0010","1TN0085"
"VDMS102","OSP0008"
"OSP0003","OSP0008"
"OSP0001","OSP0008"
"TROY083","TROY049"
"TROY216","TROY049"
"STF0015","STF0021"
"185_QT2","185039"
"ELS_QT2","185039"
"185111","185039"
"ELT0005","HORB315"
"HORB304","HORB315"
"HORB305","HORB315"
"ATT_QT1","LAMA102"
"D2A_QT1","IJS0002"
"IJS0001","IJS0002"
"202101","202081"
"202042","202081"
"202070","202081"
"202078","202081"
"202023","202081"
"202_QT1","202081"
"202034","202081"
"202067","202081"
"202040","202081"
"202120","202081"
"195012","195024"
"195031","195024"
"SILL120","195024"
"195017","195024"
"195015","195024"
"195014","195024"
"195007","195024"
"195021","195024"
"195026","195024"
"SILL146","195024"
"185350","185108"
"185325","185108"
"185_QT3","185108"
"185_QT5","185108"
"185322","185108"
"185021","185108"
"185336","185108"
"185126","185108"
"185342","185331"
"185332","185331"
"195049","1890102"
"VFH0032","1890102"
"VEND061","1890102"
"SPR0003","C5A0101"
"C5A0306","C5A0101"
"C5A0201","C5A0101"
"BRE0003","ABN0021"
"185_QT1","185003"
"185002","185003"
"VEND016","VEND018"
"TROY058","ABF0021"
"ABF0005","ABF0021"
"ABC0010","ABF0021"
"ABN0082","ABF0021"
"ABF0004","ABF0021"
"ABF0006","ABF0021"
"ABC0008","ABF0021"
"BHC0077","BHC0073"
"BHC0039","OSP0009"
"OSP0003","OSP0009"
"OSP_QT1","OSP0009"
"OSP0001","OSP0009"
"VDM2W17","1GD0003"
"VDMLR15","1GD0003"
"VDM2W33","1GD0003"
"185384","185375"
"185_QT5","185375"
"VEND048","068025"
"1890203","1890208"
"1890205","1890208"
"1890207","1890208"
"RHH0003","IALP065"
"DMN4_QT1","IALP065"
"OSH0018","IALP065"
"F2A0101","IALP065"
"BGA0003","BGA0002"
"SARR207","SARR203"
"VDMWL12","HBW0001"
"SWP0002","SWP0003"
"5850204","VFH0006"
"VFH0031","VFH0006"
"CUY0049","STF0022"
"STF0010","STF0022"
"STF0018","STF0022"
"VEND245","VEND243"
"VEND255","VEND243"
"FLEV117","TROY008"
"TROY082","TROY008"
"TROY173","TROY008"
"FLEV_QT3","TROY008"
"FLEV_QT1","TROY008"
"FLEV106","TROY008"
"TROY172","TROY008"
"195011","VFH0036"
"195035","195016"
"195025","195016"
"195012","195016"
"195003","195016"
"195017","195016"
"195010","195016"
"195036","195016"
"195008","195016"
"195015","195016"
"MAP0002","195016"
"195050","195016"
"195014","195016"
"195023","195016"
"195043","195016"
"195007","195016"
"195021","195016"
"195026","195016"
"195029","195016"
"195033","195016"
"VEND107","MEK07O3"
"DIFO026","DIFO054"
"5851806","DIFO054"
"SILL_QT1","DIFO054"
"NWH0027","ELS0007"
"VDMM003","ELS0007"
"NWH0013","ELS0007"
"MEH0001","ELS0007"
"ALC0035","ELS0007"
"NWH0018","ELS0007"
"BHC0006","ELS0007"
"1TN0072","ELS0007"
"ALB0002","ELS0007"
"ELS0006","ELS0007"
"TROY053","ELS0007"
"TROY217","SARR606"
"FLEV128","SARR606"
"TROY072","TROY212"
"MRW0001","VDMWL43"
"EMP0010","EMP0012"
"EMP0011","EMP0012"
"BHC0045","BHC0005"
"195004","195026"
"MAP0003","195026"
"195025","195026"
"195006","195026"
"195020","195026"
"195012","195026"
"195031","195026"
"195005","195026"
"195027","195026"
"195017","195026"
"TROY036","195026"
"195010","195026"
"195036","195026"
"195008","195026"
"195015","195026"
"195050","195026"
"195028","195026"
"195022","195026"
"195014","195026"
"195019","195026"
"195023","195026"
"195043","195026"
"195007","195026"
"195032","195026"
"VEND255","195026"
"195021","195026"
"195024","195026"
"195016","195026"
"195048","195026"
"195029","195026"
"195018","195026"
"195033","195026"
"195001","195026"
"195044","195026"
"068160","HBW0003"
"TROY137","TROY102"
"TROY125","TROY102"
"TROY100","TROY102"
"VDMLR25","VBA0001"
"NEW0005","VBA0001"
"VDMLR07","VBA0001"
"VDM2W24","VBA0001"
"VDMWL52","VBA0001"
"1DH0019","1DH_QT1"
"VAL0014","1DH_QT1"
"VRW0001","DIFO044"
"ABC0006","DIFO044"
"DIFO017","DIFO044"
"VOW0028","DIFO044"
"DIFO035","DIFO044"
"NOVY119","OSH0019"
"NEW0013","OSH0019"
"BHC_QT4","BHC_QT1"
"BAR0001","BHC_QT1"
"ELT0005","SAND101"
"HORB105","SAND101"
"OFBG_QT3","SAND101"
"TROY186","SAND101"
"VDMW201","195048"
"195035","195048"
"195049","195048"
"195014","195048"
"195007","195048"
"195021","195048"
"195026","195048"
"068134","195048"
"1TN0099","195048"
"WEF0013","WEF0017"
"MLO0001","WEF0017"
"1TN0119","1TN0117"
"1TN0116","1TN0117"
"HORB204","195029"
"195003","195029"
"195010","195029"
"195014","195029"
"195016","195029"
"195026","195029"
"195001","195029"
"HORB306","068134"
"VAL0014","068134"
"195048","068134"
"CUY0093","CUY0051"
"CUY0043","CUY0051"
"F1B0505","F1B0602"
"F1B0101","F1B0602"
"F1B0102","F1B0602"
"F1B0503","F1B0602"
"F1B0301","F1B0602"
"F1B0201","F1B0602"
"F1B0401","F1B0602"
"F1B0402","F1B0602"
"MRW0003","F1B0602"
"F1B0504","F1B0602"
"BHC_QT3","F1B0602"
"F1B0302","F1B0602"
"202108","202031"
"ATT_QT1","202031"
"C4A0504","202031"
"DIFO062","DIFO003"
"DIFO009","DIFO003"
"SILL101","SILL117"
"388013","BHC0071"
"VDMM001","FLEV124"
"ZLF0003","ZLF0057"
"VDM2W33","1TN0126"
"202024","VFH_QT5"
"1DH0039","VFH_QT5"
"HORB105","VFH_QT5"
"195011","VFH_QT5"
"195022","VFH_QT5"
"VNW0001","VFH_QT5"
"202026","202045"
"VFH0027","202045"
"VFH0054","202045"
"POM3005","POM3013"
"F1B0602","BHC_QT3"
"185_QT6","185009"
"185_QT1","185009"
"VDMWL45","VNW0007"
"TROY039","TROY074"
"TROY125","TROY074"
"TROY100","TROY074"
"TROY172","TROY074"
"195004","195018"
"195025","195018"
"195006","195018"
"195012","195018"
"195005","195018"
"195027","195018"
"1TN0067","195018"
"195010","195018"
"195050","195018"
"195022","195018"
"195047","195018"
"195019","195018"
"195023","195018"
"195043","195018"
"195007","195018"
"195026","195018"
"NEW0005","NEW0011"
"DEU0019","NEW0011"
"VFH0018","VFH0010"
"VFH0042","VFH0010"
"195017","195033"
"195010","195033"
"195014","195033"
"195043","195033"
"195016","195033"
"195026","195033"
"195008","MMB0011"
"SWP0005","WKN0002"
"BAW0002","BAW0003"
"FLEV150","FLEV101"
"FLEV_QT3","FLEV101"
"TROY056","SILL_QT6"
"TROY224","SILL_QT6"
"VEND217","SILL_QT6"
"TROY201","SILL_QT6"
"TROY099","SILL_QT6"
"TROY055","SILL_QT6"
"VEND143","SILL_QT6"
"TROY208","SILL_QT6"
"TROY216","SILL_QT6"
"DAMP108","SILL_QT6"
"SILL123","SILL_QT6"
"VEND226","SILL_QT6"
"TROY053","SILL_QT6"
"TROY020","SILL_QT6"
"FLEV104","SILL_QT6"
"TROY072","SILL_QT6"
"BHC_QT4","DAAH01"
"BHC0067","DAAH01"
"NWH0032","ALC0053"
"NEW0013","NEW0014"
"TROY208","NEW0014"
"LMH0001","NEW0014"
"KNES30a","NEW0014"
"VDM2W05","VDM2W24"
"VBA0001","VDM2W24"
"VNW0006","VDM2W24"
"GVE0003","GVE0004"
"195025","VFH0015"
"195031","VFH0015"
"195010","VFH0015"
"195008","VFH0015"
"195014","VFH0015"
"195023","VFH0015"
"HOK0025","HOK0023"
"VEND271","VEND261"
"VEND065","VEND261"
"068094","068093"
"068063","068093"
"068029","068036"
"068081","068036"
"068024","068036"
"VBA0001","VDMWL52"
"185350","185336"
"185343","185336"
"185325","185336"
"185_QT3","185336"
"185322","185336"
"185342","185336"
"185330","185336"
"185332","185336"
"185108","185336"
"185_QT2","185362"
"SPR0003","185362"
"185337","185362"
"185074","185362"
"MAIR_QT3","MAIR_QT2"
"202101","202120"
"202023","202120"
"202081","202120"
"388010","DMN1001"
"POM4_QT1","DMN1001"
"ABC0006","ABF0015"
"ABF0013","ABF0015"
"FLEV_QT2","VFH0047"
"FLEV129","VFH0047"
"195014","VFH0047"
"ALC_QT1","VDMM002"
"BHO0002","VDMM002"
"IJS0001","VDMM002"
"UDP0001","VDMM002"
"TROY055","TROY053"
"ELS0007","TROY053"
"SILL_QT6","TROY053"
"TROY072","TROY053"
"NWH0032","068056"
"VEN0004","068056"
"VEND214","VEND249"
"SARR614","HORB348"
"VEND175","DAMP103"
"195005","195052"
"195036","195052"
"195023","195052"
"BHC0059","388001"
"388019","388001"
"388_QT1","388001"
"388009","388001"
"RAT0002","SWP0002"
"HOK0002","SWP0002"
"SWP0003","SWP0002"
"FLEV103","FLEV128"
"FLEV_QT2","FLEV128"
"FLEV137","FLEV128"
"FLEV150","FLEV128"
"FLEV127","FLEV128"
"FLEV_QT1","FLEV128"
"C4A_QT2","FLEV128"
"SARR606","FLEV128"
"563M4SEQ","563015"
"563014","563015"
"VEND134","VEND116"
"C5A0305","C5A0202"
"C5A0104","C5A0202"
"C5A_QT1","C5A0202"
"UDP0001","C5A0202"
"LRB0032","C5A0202"
"ELT0005","SARR214"
"OFBG209","SARR214"
"202068","202072"
"202091","202072"
"GEN_QT1","HRW2002"
"ZLF0023","ZLF0026"
"ZLF0001","ZLF0026"
"388013","A246_05"
"BSN0004","IOSS001"
"C4A_QT3","IOSS001"
"TROY201","TROY066"
"FLEV112","TROY066"
"TROY032","TROY181"
"VDM2W17","VDM2W07"
"VNW0001","VDM2W07"
"TROY089","TROY071"
"SILL_QT3","SILL_QT2"
"SILL_QT5","SILL_QT2"
"WEF0017","MLO0001"
"C4A0201","1DH0032"
"068142","1DH0032"
"GMW_QT1","GMW0002"
"VEND186","VEND200"
"HRW3_QT1","HRW3003"
"TROY180","TROY020"
"TROY173","TROY020"
"TROY201","TROY020"
"NOVY141","TROY020"
"TROY184","TROY020"
"TROY172","TROY020"
"SILL_QT6","TROY020"
"MRW0002","MMB0015"
"DEU0019","OSD_QT2"
"VFH0035","068023"
"202036","202030"
"SARR213","1TN0093"
"VDMWL10","1TN0093"
"NIZ0016","OSH0025"
"ABC0007","ABN0007"
"ABC0004","ABN0007"
"185373","185370"
"185378","185370"
"185_QT6","185370"
"HOK0001","185370"
"MAV0001","METZ615"
"185143","185034"
"185019","185034"
"185033","185034"
"1TN0101","1TN0099"
"1TN0090","1TN0099"
"195048","1TN0099"
"EMP0015","EMP0007"
"SAUL110","SAUL105"
"STF0005","STF0008"
"NEW0013","NEW0004"
"VDMWL26","NEW0004"
"NEW0003","NEW0004"
"POM3013","POM3005"
"VDMWL01","OSD0009"
"ABF0004","ABF0013"
"ABF0006","ABF0013"
"ABF0015","ABF0013"
"SILL105","VDMWL10"
"VDMWL08","VDMWL10"
"IWRD577","VDMWL10"
"1TN0093","VDMWL10"
"FLEV112","TROY030"
"TROY090","TROY025"
"TROY180","TROY025"
"TROY173","TROY025"
"TROY105","TROY025"
"TROY127","TROY025"
"TROY137","TROY025"
"TROY100","TROY025"
"TROY032","TROY025"
"TROY172","TROY025"
"C5A_QT1","ALC0047"
"TROY128","TROY131"
"OKF0011","C5A_QT2"
"SPR0003","C5A_QT2"
"C5A0305","C5A_QT2"
"C5A0104","C5A_QT2"
"C5A_QT1","C5A_QT2"
"C5A0203","C5A_QT2"
"068085","068083"
"068049","068083"
"VFH0009","068083"
"1DH0034","068083"
"ABN0082","ABC0008"
"ABF0021","ABC0008"
"VFH0024","068042"
"VDM2W24","VNW0006"
"EMP0015","BHC0067"
"DAAH01","BHC0067"
"LRC0026","LRC0028"
"FLEV120","FLEV104"
"FLEV118","FLEV104"
"FLEV121","FLEV104"
"FLEV122","FLEV104"
"FLEV107","FLEV104"
"BOUX101","FLEV104"
"SILL_QT6","FLEV104"
"1TN0096","1TN0074"
"TROY221","METZ647"
"TROY208","METZ647"
"TROY217","METZ647"
"FLEV113","METZ647"
"SILL_QT7","METZ647"
"TROY019","METZ647"
"C4A_QT3","METZ647"
"VEND071","VEND164"
"VEND122","VEND164"
"195049","1TN0102"
"ELT2002","068100"
"ELT0003","068100"
"068_QT07","068100"
"068_QT08","068100"
"ELT0001","068100"
"CUY0001","CUY0038"
"CUY0088","CUY0038"
"CUY0030","CUY0038"
"CUY0068","CUY0038"
"CUY0076","CUY0038"
"CUY0093","CUY0038"
"IBYK008","CUY0038"
"CUY0039","CUY0038"
"CUY0033","CUY0038"
"SPR0003","LRB0032"
"C5A0305","LRB0032"
"UDP0005","LRB0032"
"C5A0104","LRB0032"
"SPR0002","LRB0032"
"VAL0011","LRB0032"
"C5A0202","LRB0032"
"SPR0001","LRB0032"
"NOVY_QT2","NOVY115"
"563M4SEQ","563012"
"563013","563012"
"HORB204","56302002"
"563007","56302002"
"185325","185126"
"185_QT3","185126"
"185108","185126"
"563007","563004a"
"VNW0007","VDMWL45"
"ELT2002","ELT0001"
"ELT0003","ELT0001"
"068100","ELT0001"
"F1B0101","DIFO035"
"TROY083","DIFO035"
"DIFO044","DIFO035"
"NWH0033","NWH0040"
"CUY0033","CUY0059"
"F1B0101","F1B0302"
"F1B0601","F1B0302"
"F1B0102","F1B0302"
"F1B0603","F1B0302"
"F1B0503","F1B0302"
"F1B0301","F1B0302"
"F1B0401","F1B0302"
"F1B0402","F1B0302"
"F1B0103","F1B0302"
"F1B0502","F1B0302"
"F1B0504","F1B0302"
"F1B0602","F1B0302"
"CUY0093","CUY0043"
"CUY0051","CUY0043"
"ELT2001","ELT_QT1"
"ELT0005","ELT_QT1"
"068029","ELT_QT1"
"ELT2004","ELT_QT1"
"068144","ELT_QT1"
"ELT2002","ELT_QT1"
"ELT0003","ELT_QT1"
"068024","ELT_QT1"
"CUY0034","CUY0092"
"185350","185337"
"185342","185337"
"185362","185337"
"563M4SEQ","563013"
"563014","563013"
"563012","563013"
"ZLF0049","ZLF0034"
"VFH0006","VFH0031"
"TROY055","TROY072"
"TROY212","TROY072"
"SILL_QT6","TROY072"
"TROY053","TROY072"
"SILL115","SAUL_QT2"
"195014","1TN0100"
"195021","1TN0100"
"SILL146","1TN0100"
"195001","1TN0100"
"VEND165","VEND120"
"VEND262","VEND120"
"VEND196","VEND120"
"STF0012","STF0018"
"202118","STF0018"
"STF0019","STF0018"
"STF0013","STF0018"
"STF0015","STF0018"
"STF0022","STF0018"
"VEND176","VEND037"
"VEND034","VEND037"
"VEND071","VEND037"
"VEND150","VEND037"
"VEND036","VEND037"
"VEND050","VEND037"
"VEND270","VEND037"
"HORB304","HORB305"
"HORB315","HORB305"
"MRW0002","TROY007"
"MB_QT1","MB-O1b"
"VEND033","VEND042"
"VEND034","VEND042"
"VEND185","VEND042"
"VEND174","VEND042"
"VEND008","VEND042"
"VEND047","VEND042"
"VEND050","VEND042"
"VEND032","VEND042"
"VEND255","VEND042"
"068026","068142"
"1DH0032","068142"
"VEND034","VEND196"
"VEND221","VEND196"
"DAMP105","VEND196"
"VEND174","VEND196"
"VEND101","VEND196"
"VEND120","VEND196"
"F2A0101","VEND196"
"TROY055","LUPP101"
"TROY201","ZLF0037"
"ZLF0013","ZLF0037"
"ZLF0036","ZLF2007"
"ZLF2009","ZLF2007"
"ZLF2001","ZLF2007"
"VFH0009","068_QT04"
"068096","068_QT04"
"VFH_QT2","068_QT04"
"VL05289","VL05288"
"VEND094","VEND161"
"VEND107","VEND161"
"MEK07W3","VEND161"
"VDMWL49","VDMG001"
"TROY105","TROY013"
"TROY208","TROY013"
"VEND061","VEND025"
"NOVY118","NOVY108"
"FLEV118","NOVY108"
"ILLA203","NOVY108"
"NOVY_QT3","NOVY108"
"C4CRH13","LRC0022"
"NWH0032","NWH0021"
"NWH0036","NWH0021"
"ELT0005","C4A_QT3"
"TROY180","C4A_QT3"
"TROY095","C4A_QT3"
"VAL0025","C4A_QT3"
"195011","C4A_QT3"
"068140","C4A_QT3"
"VFH0061","C4A_QT3"
"TROY216","C4A_QT3"
"VFH0035","C4A_QT3"
"NIZ0016","C4A_QT3"
"068141","C4A_QT3"
"VFH0049","C4A_QT3"
"VFH0013","C4A_QT3"
"IOSS001","C4A_QT3"
"METZ647","C4A_QT3"
"VNW0001","C4A_QT3"
"DMN1001","POM4_QT1"
"HORB348","SARR614"
"VFH0061","VFH0060"
"DMN1_QT2","388009"
"388015","388009"
"388007","388009"
"388019","388009"
"388_QT2","388009"
"388012","388009"
"DMN1037","388009"
"388001","388009"
"ROSN_QT1","TROY163"
"NLF0003","Y000C01"
"NWH0032","NWH0033"
"NWH0040","NWH0033"
"VOW0001","VRW0008"
"LIW_QT1","BGA0003"
"IWRD578","BGA0003"
"DAAH15A","BGA0003"
"BGA0002","BGA0003"
"VEND133","VEND041"
"NWH0035","NWH0004"
"NWH0008","NWH0004"
"NWH0023","NWH0004"
"HKL0008","HKL0007"
"HKL0001","HKL0007"
"C4A0201","1DH0036"
"NEW0013","NEW0003"
"NEW0004","NEW0003"
"BJV0004","KNES30d"
"KNES24","KNES30d"
"F2A0101","KNES30d"
"KNES30a","KNES24"
"KNES30d","KNES24"
"SILL120","SILL146"
"MRW0002","SILL146"
"SILL151","SILL146"
"SILL150","SILL146"
"C4A0201","SILL146"
"FLEV146","SILL146"
"195021","SILL146"
"195024","SILL146"
"1TN0100","SILL146"
"195049","F2A0101"
"VEND143","F2A0101"
"BSK0002","F2A0101"
"KNES30a","F2A0101"
"IALP065","F2A0101"
"VEND196","F2A0101"
"KNES30d","F2A0101"
"195025","195001"
"195017","195001"
"195010","195001"
"195036","195001"
"VEND192","195001"
"MAP0002","195001"
"195023","195001"
"195007","195001"
"195026","195001"
"195029","195001"
"1TN0100","195001"
"195021","195044"
"195026","195044"
"EOF0002","EOF0001"
"NOVY125","NOVY150"
"NOVY117","NOVY150"
"NOVY141","NOVY150"
"NOVY130","NOVY150"
"NOVY_QT3","NOVY150"
"NOVY126","NOVY150"
"VEND053","NOVY150"
"56304009","56304005"
"56304008","56304005"
"VFH0054","56304005"
"068085","195009"
"195035","195009"
"195025","195009"
"195006","195009"
"195020","195009"
"195012","195009"
"195003","195009"
"195031","195009"
"195027","195009"
"5851804","195009"
"195017","195009"
"VEND117","195009"
"195011","195009"
"195010","195009"
"195036","195009"
"195008","195009"
"195015","195009"
"195049","195009"
"195050","195009"
"195028","195009"
"195022","195009"
"195047","195009"
"195014","195009"
"VLD0001","195009"
"SILL151","195009"
"195023","195009"
"195043","195009"
"195021","195009"
"SPR0003","SPR0001"
"C5A0305","SPR0001"
"C5A0104","SPR0001"
"SPR0002","SPR0001"
"C5A0203","SPR0001"
"LRB0032","SPR0001"
"MAP0002","TROY226"
"IALP062","TROY226"
"VEL0004","VEL0002"
"UDP0003","VEL0002"
"VEL0003","VEL0002"
"MEH0001","VEL0002"
"563M4SEQ","563010a"
"202101","202038"
"202070","202038"
"C5A0307","NOVY_QT4"
"NOVY134","NOVY_QT4"
"5870601","C4A0504"
"C4A1701","C4A0504"
"202031","C4A0504"
"CUY0031","CUY0066"
"ABC0002","ABC0004"
"ABN0007","ABC0004"
"VDM2W17","VNW0001"
"195008","VNW0001"
"195053","VNW0001"
"TROY208","VNW0001"
"VDMLR15","VNW0001"
"C4A_QT2","VNW0001"
"VFH_QT5","VNW0001"
"VDM2W07","VNW0001"
"C4A_QT3","VNW0001"
"RAT0002","ZLF0050"
"202018","202041"
"202116","202041"
"OSP0003","OSP0001"
"OSP_QT1","OSP0001"
"OSP0008","OSP0001"
"OSP0009","OSP0001"
"TROY083","TROY084"
"TROY138","TROY084"
"IBYK011","CUY0020"
"CUY0093","CUY0020"
"CUY0039","CUY0020"
"CUY0033","CUY0020"
"TROY095","TROY166"
"185143","185074"
"185345","185074"
"185_QT2","185074"
"185_QT5","185074"
"185362","185074"
"NWH0032","BSN0002"
"BHC_QT1","BAR0001"
"195031","VFH0041"
"VLD0001","FLOR103"
